frog_id,population,latitude,longitude,altitude,indo.137,quino.168,quino.170,indo.179,pyrro.180,indo.184,indo.186,indo.187,indo.188,indo.190,indo.192,indo.198,pyrro.200,deca.205,lehm.206,deca.213,indo.215,quino.216,indo.219,quino.223,indo.226,indo.237,pyrrz.242,indo.253,allo.259,piper.266,indo.268,pyrro.269,deca.270,deca.277,deca.278,indo.279,indo.291,indo.298,indo.301,deca.303,indo.304,indo.306,deca.307,deca.308,pumi.309,indo.310,indo.314,pyrrz.315,deca.321,indo.322,hist.326,indo.331,indo.333,pyrro.344,indo.359,deca.361,deca.364,quino.368,pyrrz.379,indo.386,hist.391,hist.392,piper.398,deca.406,pyrro.410,lehm.412,pyrro.415,lehm.421,pumi.435,indo.441,indo.454,deca.455,deca.459,deca.461,hist.466,hist.470,hist.471,hist.472,hist.477,deca.479,hist.483,hist.512,pyrrz.526
9395,la_mana,-0.82733,-79.18499,480,399.3359862,39.19074469,5.44162626,2441.103568,1201.435337,4524.657203,673848.7317,915732.9007,43.12877297,403.4313344,11549.5323,219477.5919,0,31.24789121,245.238353,3544.518777,107822.6929,3300.474612,117065.0302,1263.088951,853206.8346,100.9284191,0,2232.604193,980.925496,248291.219,169783.6254,82404.32987,729.2709972,50043.53309,194.1904681,2749567.179,3276.914605,3296.306797,828628.2141,16406.8488,177839.0152,214907.3592,345.0627223,239.6594826,59970.72501,721450.9326,15608.22164,2066.094916,518800.1137,3642.858813,0,14595.28943,715.5649519,147.1978982,2566.546105,134.0640159,334.7012417,493.0007857,340981.4879,0,8515.448148,0,756.5655906,535.6778783,697834.5469,5338.415217,0,43.52944552,4265.609048,0,790.454532,151.507163,505891.7741,721609.3825,996371.5221,1000410.587,3203757.993,71622.98506,808223.0507,283738.9483,6870506.993,72341.03701,524.880017
9399,la_mana,-0.82733,-79.18499,480,22021.65153,2560290.121,26.57881302,2371.23709,955.3118631,194865.0131,286995.9648,111284.9816,14180.63267,868.049713,189044.4238,1459626.227,36987.41464,83.97900546,89.39022907,2952.67413,497.6613191,1272550.849,477515.251,937.1230302,1178813.415,0,29304.464,5670.386552,1234.936939,999.5500841,183041.1992,2666.656173,3089149.737,106734.2974,0,2792098.353,58118.48073,34.60392385,5090247.729,0,716740.5963,1706402.963,8988.286883,2875.511469,258296.9877,6179694.911,80874.72309,2251.097858,737245.6054,2473.783734,0,27205.33609,3268.94282,63.98737658,1301.831871,1729.18554,19859.83864,0,420240.5469,0,45396.23486,0,19666.63996,458.9920836,1011629.107,6320.775529,0,17.93257489,14861.54449,0,96758.71995,54.88231101,2343206.346,604555.024,731877.7497,2435029.485,2169617.031,42403.86997,486990.0249,214508.2397,4167743.316,43150.67069,51.90989233
9391,la_mana,-0.82733,-79.18499,480,4.93146046,244.9778516,391.7135114,3326.374246,555.1922011,25852.36467,525915.6691,14720.11367,31250.09789,372.9456207,8220.959553,61803.47821,4432.896018,772.0485079,3.016877035,92.65545698,48576.52325,1203.601556,47.71032309,879.6653116,105623.9818,434.7587237,1263.254211,5388.036219,629.8798377,121.0746492,449.8870312,12167.05058,582840.2679,366.8015659,50.93597816,437027.3087,1981.112138,0,853.7051519,179.0145119,818.9271435,1393.776464,136.7183532,1761.226971,363.5039594,154.4805813,4348.560583,6151.167166,724.8999779,8280.528692,7103.102273,2772.893131,2458.510321,11175.78333,1711025.156,249.8239399,10043.97483,51.72390992,24.09229934,1258.276094,2543.534326,0,5009.024681,565.1259536,68011.56615,0,1310.195852,5305.918634,9916.967125,0,359.9008155,2643.046891,351952.4616,0,374074.7701,26624818.38,33830.25637,1724148.169,32695.16613,39575.08616,290325.8945,5157.93611,2280.757801
9393,la_mana,-0.82733,-79.18499,480,0,249.3271282,8412.936776,2296.63822,907.0582852,4906.940316,0,59565.02101,467.2780162,16311.32433,1970.399642,419391.823,47925.85357,53.79302039,251081.4474,1428.096193,892742.0607,34385.29176,17506.50638,55791.39255,1083.93385,0,0,2375.700826,1407.423425,80371.65387,818.4421185,2437.697229,95.59639642,57417.73189,0,2904411.813,198657.4589,3614.834974,1854385.551,8512.170773,413036.2586,484361.0346,0,2283.697995,0,1663427.504,55133.02388,3819.284728,1551051.815,1285.291571,0,454.0626206,6150.199769,181603.0338,17278.93382,27.92765858,232.526952,0,18836.45536,750.5901894,18879.87536,0,5890.889381,1039.503453,333155.5545,485.1076345,793.7649262,2344.700324,3921.067217,0,1176.37545,143.7658997,1932.407985,1107.762663,961.4670782,163453.1171,28056.63266,1566.627244,0,628.2389688,3900.943715,2198.204642,0
9396,la_mana,-0.82733,-79.18499,480,128.5033932,47.47739602,0,1665.130561,1223.998157,3650.994515,124313.3708,101129.8519,88.68784322,556.1850136,449.9613061,262122.1712,94.26987627,429.8805627,377.3666254,3098.602248,267159.5583,4495.597247,134621.1263,744.0716049,244593.5864,0,5394.276814,1350.202633,1135.994751,72243.75293,783.7964108,310.4360618,66.23793894,2699.151884,71.5489618,1071099.803,3271.412246,199.8411381,862948.2408,702.3351631,1890.086141,248044.9747,3916.021734,330.6938312,0,876183.1011,29874.9808,2731.626836,262595.672,25099.47299,0,12707.4,0,852.8216941,321.53314,973.1263181,46.37418844,291.4217484,106.4790144,0,32807.1428,700.8300249,1370.272624,0,21810.15005,3673.102295,0,217.7887701,6551.02875,0,379.3228984,233.0518712,51415.90084,0,2444.126395,4043786.024,6060.418786,355.7341651,0,19086.61346,21336.96113,0,2381.127981
9392,la_mana,-0.82733,-79.18499,480,142.2418745,298.9301477,870.2633295,274883.4504,4620.105526,9079.068749,0,3591.009612,6269.889919,11013.08867,193.1154225,387806.3227,0,164.0155822,493.2087005,4301.116548,588891.1671,12014.93668,82.16424887,23130.2107,283532.6641,0,0,903.7785253,807.208697,64613.98774,3407.865126,375.6575709,116.2809228,54258.73351,2166.841514,3248955.434,9965.499988,813.4399139,1566278.539,13540.50652,5583.950362,337994.0721,0,357.5035395,0,668590.0658,40084.05912,3678.356916,30311.01312,2808.069571,1850.872923,576.4905342,2889.642626,700.5920825,266.6786248,2287.637511,494.6072428,567.6914877,13929.6802,61.38508032,5808.07364,1258.822507,464.2488585,75.24856544,3670.535419,1015.710133,1044.284172,219.6466624,6692.405044,0,540.3673849,69.11685977,73899.82766,25181.8596,190144.195,14911028.19,46403.0338,22560.33974,5532.06379,32686.87701,61989.58019,3839.446228,750.5921494
9398,la_mana,-0.82733,-79.18499,480,132.789576,154.9102172,543.7212282,48854.70286,1143.01426,5267.031215,212.3584855,2572.580074,340744.9611,561.3757372,180.4521809,142040.3623,75234.5032,608.1980221,22.84192298,1721.606376,160312.0553,5334.180012,94313.92822,814.985907,86727.09074,6421.208153,511.4756282,706.78473,1246.081747,109.6693566,364.4255881,653.8943616,547.5626345,957.2918368,19.71261997,529.363964,2077.151749,1375.501609,512052.7373,12746.30494,3068.329948,120858.5382,0,368.5996479,0,216516.2112,8231.170465,4504.617978,1341985.963,2735.124759,0,52709.30958,1.39438076,348185.6393,19657.23876,2436.575394,715.0026295,390.85881,0,288.5995413,30226.49445,0,885.0757146,96.94001665,116237.962,1903.179309,1437.304319,265.8899146,4653.165937,0,16592.94921,95.60856262,59399.97138,40109.17513,22802.8321,117223.3216,132764.6881,5009.211558,0,13471.43338,152110.2154,3531.516815,0
9400,la_mana,-0.82733,-79.18499,480,143.196133,66.95656013,0,1050.671141,51320.61003,4387.244298,0,1652.030163,536271.5263,16613.52133,68.42728737,339580.452,0,187.8401444,12.07868616,1749.779959,2.939055879,506218.6584,90.87425723,675.6549769,695.2881643,23.81400135,4301.940491,238.5676633,1355884.17,764.7336664,954.8427562,25.55415867,3787455.236,101717.4454,164.8623785,3735499.507,59184.78435,79.63158114,1240968.25,0,214307.4547,365858.7439,4222.01935,1488.708511,0,1752754.321,22815.63678,2584.204531,1495.841341,4780.343244,0,974.2889817,0,44.55558843,1382.221477,64.40475525,1866.171526,0,172.3240187,0,19834.60545,0,628.1826513,655.0441108,132762.6798,911.320533,1039.628484,4979.006441,4137.192104,0,20516.62443,61.26959909,148097.7719,54547.14461,50098.53959,18684842.55,0,998692.6341,0,27090.04814,177987.0538,1117.318013,1048.227585
9394,la_mana,-0.82733,-79.18499,480,0,125.259616,0,2496.17534,1342.886501,7709.806874,183232.6418,718918.4974,68.56972427,6308.501564,21073.71421,326518.7632,8570.048767,989.0402808,1010.889863,3051.504578,404977.737,11243.70936,151426.3567,2175.848662,365557.4642,110850.3097,4171.312702,4744.381267,282449.5506,21270.83005,30825.56145,13071.29082,636527.0896,520.9168748,56.74886905,953506.2601,7508.19141,0,1345384.03,507.0138328,111852.9292,365071.5281,2221.002374,542.3519414,0,331780.4686,29275.58393,8555.767894,2070447.389,2703.352775,0,73508.88972,923.023678,110290.7908,3252413.47,2964.095187,34180.50218,510.7975351,447.0936009,0,36257.29019,78.64345253,1056.79856,12.27486858,850071.7806,2957.043342,307.6144675,3347.662858,0,0,26610.843,103.3990039,564785.4483,495431.0485,789871.2835,6920351.016,1431248.537,45681.62849,371223.0505,126849.6785,3487543.366,36046.38665,28796.1526
9397,la_mana,-0.82733,-79.18499,480,0,46.84853715,25506.28188,1812.303057,834.7304809,4654.862149,1425716.417,567258.1554,28.08294501,545.2885732,12005.00612,311402.5312,0,71.85888253,955.1570497,2662.100167,465430.2474,18368.50655,91565.146,1017.831542,1087.426048,58.49092473,38201.45368,1490.368702,1096.649093,538.9681903,450.7126588,68329.13419,2938026.96,96089.52607,3257.8018,3036193.844,3627.259143,0,1004965.629,1273.594861,155539.3499,264155.2991,1589.390795,532.5097401,0,933342.2382,19796.57703,1705.62736,11182.33789,3281.017864,3263.300206,1605.216947,3475.046621,1005.822801,1198.617815,1587.482588,3121.211337,271.2295252,14628.20253,209.969138,38874.71875,0,7039.805384,0,1083659.842,6276.500766,15479.17786,20.07147467,0,0,23921.51472,3536.032115,445945.0477,108472.9618,283082.4763,9334373.428,135071.3365,15012.85453,0,31230.86513,204760.3081,2830.382741,1195.133609
9748,ceiba,1.12504,-78.65616,207,0,30.85415605,0,0,15488.04529,202.8843304,61446.14134,28284.6188,10.83198919,101.429803,1097.889419,2757.145017,2226126.37,0,7.609448558,576.0778249,327.4201068,151.8551891,49637.98803,541.094721,156058.5262,0,11.26533436,406142.3257,112.8639143,0,759.2129022,3025.733803,128939.6601,613.7671235,0,91134.81378,12150.37287,0,195.1422578,1092.604836,326.4080191,8.133828958,10.75877576,427.2418801,662.4756238,11.19423962,54.13247225,563.6014714,674.9298155,398.6056576,3523.975461,535.2866267,0,1824.652235,55.54376267,314.1147156,10608.68368,41.34787465,750.6365674,0,35819.18915,10114.4844,15970.72268,158.2461018,15128.62966,701.9573201,0,4.852506536,1470.354066,0,2.883122429,59.21492141,168826.7102,115020.0799,59908.75203,5167935.566,517108.6485,41965.36534,222308.1133,72221.11428,2231991.112,18941.42409,153.1949369
9749,ceiba,1.12504,-78.65616,207,0,39.04448054,0,2194.457684,1964.235057,357.771133,29141.23058,10337.47382,8.742137336,347.5065021,0,7667.429146,0,1.530464006,227.9782257,1218.728643,460.391499,87.21526443,52109.27517,476.5972762,20000.3999,0,0,467009.4284,1396.807417,4.298547115,295.4834858,2225.144573,6730.694156,1193.378872,224.6498658,8100.022306,5350.994862,0,2324.116674,2065.111499,1079.350502,1749.864573,952.4873265,1075.487056,1074.993018,0,1273.34532,3060.448639,616.755494,386.2340933,3216.520452,240.8374911,33.26565383,2.639830753,912.6535051,154.5358162,6340.373531,30.74396967,2.684961538,0,28511.97323,9623.141128,4457.809596,201.2645374,12282.53235,149.1064389,178.9616919,17937.78709,145.3761063,0,60.08068462,57.65845174,184620.5541,93866.93368,64848.26139,485714.7729,1408972.034,18789.11521,273725.5725,107473.3499,3290858.505,20503.94058,81.01665814
9750,ceiba,1.12504,-78.65616,207,0,3.940122047,0,774.1408747,15523.26429,5.261986834,81475.45687,29215.1928,186.5854649,104.5554313,252.7435926,14.43847306,47966.76514,0.949194871,26.25314285,9.313687625,16.99541124,7.079894244,1.580451062,65.9545442,70498.06702,0.14554671,0,13.19705343,219.9909968,450.6211631,24.52538881,536.4145958,953851.3798,11854.26595,583.0492017,838983.6155,1071.513143,12.09602531,135.2002579,1994.408026,489.9032203,62.19380036,34.21274514,280.9626606,13.64671036,0.192765967,587.4606417,5725.946077,563.1847885,389.414383,0,88.98855946,0,0.426761173,2387.596969,0,27.25185802,3.161420559,0,0,3115.433404,0,64.3814087,0,3955.208434,0,0,27950.80022,761.7081138,570.9152228,10.80796526,18.14867852,2150.253948,0,0,35061.36499,35547.2507,0,2677.412218,3962.632169,135535.8814,1446.985981,1396.207752
9751,ceiba,1.12504,-78.65616,207,53.90007645,4.388777675,0,0,15145.45773,0,113887.9581,17547.20075,16.49197893,39.6581635,0,367.6482472,193886.6723,0,0.053717677,435.6756959,13.39791582,6.083593249,15827.28052,94.17170977,83945.88992,0,15.74023746,64.60020004,2210.398948,32.08811129,4878.240196,639.3005696,294317.4945,12906.13495,383.7878439,257026.3028,659.1979608,17.78168958,181.1255706,1046.84856,3.568549572,192.9189153,169.8261703,104.1416236,21.75053147,0,31.99533362,121252.825,378.2009997,435.5035648,3854.406219,0,1403.457949,0.536603911,240.6112746,123.6840735,3900.463077,21.94721573,0,0,36415.72178,12692.23717,1006.539982,19.53423548,30892.80047,0,0,3468.112259,2577.599758,101.0858987,1.849564432,28.8186991,87874.24148,154645.1646,63795.33417,287775.0457,1127061.661,23371.94859,228002.566,81379.22051,2550771.31,18110.40083,145.6034203
9752,ceiba,1.12504,-78.65616,207,0,3.597127253,0,540.215076,19967.44935,893.3962095,91901.83637,31373.9794,158.2386061,409.4304348,8.970851147,12.84967539,6844.460154,2.87E-06,0.552454967,2709.204673,2553.2957,0.047225519,24646.67797,73.83277166,429304.9874,3.846346224,0,142227.7856,481.7822348,33.13155804,36.29978299,0.240857635,224976.5402,2122.727526,76.28584666,96780.58032,3804.096977,6.847889267,135.4771066,814.4589592,268.8287436,57.00835726,53.17055529,79.85392619,822.5498244,1.411581008,74.67709594,9448.001249,121.4379045,384.5649639,0,142.3451582,241.9550717,568.8396167,9.021396169,84.17759576,2498.601952,12.30484206,0,0,2881.867374,1431.897635,585.3004784,74.33315116,5957.898634,689.1693422,277.2734672,269.7836898,1000.340598,17.26786255,0,2.65366521,30206.58619,36110.34576,56568.51832,591839.528,433303.9553,14218.50441,133983.3868,35841.03566,1124560.669,5810.565701,51.61809641
9753,ceiba,1.12504,-78.65616,207,0,0.744745921,0,181.1840062,13343.57696,8807.78322,179499.3116,58914.74115,415.3980722,58.07872803,0,108.3247726,51691.59535,1.042065275,0.96376682,5.089280227,6.748250842,19.91332596,6461.001783,117.2032984,238007.1296,0,15.19970943,199.5338853,810.5297919,12.29454906,7.508716999,399.3986339,62510.79653,2232.230277,18.97475987,52958.95486,116.1528388,12.79589694,174.8886729,827.8223676,285.1235188,11.99853963,17.42896294,51.11724133,73.17090166,1.007725858,44.70001211,981.9469262,210.9020208,354.9394309,0,410.5498257,433.4429125,324.3005248,103.336516,624.5014168,973.2363583,14.6522362,4.927042325,0,8705.098761,1399.836183,77.62436602,0,6860.148985,109.7969233,17.64701228,87682.80454,1310.715869,0,0,0,33759.29766,23969.47797,31982.79883,3132669.044,209046.998,44801.0571,65455.71519,25321.57137,757147.0269,2475.035204,131.2263576
9754,ceiba,1.12504,-78.65616,207,0,33.58235722,0,1413.419986,15239.94712,0,26113.38474,4339.922341,4.658824808,180.9873616,181.2295851,5474.390083,69261.17299,0.631968193,760.3872667,476.1412736,387.9040075,4.70087412,81781.71177,98.75003739,235209.9179,0,6289.94843,793050.1783,13208.34989,166.0256058,192.5034497,587.1059669,291793.119,3084.573526,0,274097.7815,76.81241278,0,167.2763057,1908.69211,895.5815222,39.63590022,23.24270415,581.4491511,859.371842,0,121.06266,13850.15006,929.5007337,433.6917466,0,33.19739556,68.32676605,0.245619551,1237.316127,8.778067021,0.734883836,0,205.9420057,13.62590201,6481.195636,3009.381575,75.56523265,0,9127.816498,985.2339463,633.8816112,46573.19902,1779.714216,195.9869397,9.056435469,63.63299609,1354966.112,36203.95343,1326.434051,355441.924,667802.2572,4288.144524,170146.093,61878.23482,1927358.226,14180.46578,108.4270326
9755,ceiba,1.12504,-78.65616,207,0,55.13588945,3.090061387,574.1960982,17416.04458,635.5902175,134204.2442,48008.42989,326.3400135,389.7783493,52.1062864,385.4277655,348689.4202,1.439380786,0,1317.250928,5.982240363,716.9083658,41182.12893,68.26501891,99003.41607,0,0,327428.1403,87.38244754,97.08084366,290.9131976,474.8434443,9781.896791,229.5028375,12.71749084,9122.869047,81.57315405,0,353.6320916,847.4697333,292.7466915,7.941190947,3.666758068,491.7960151,32.83238732,283.2839183,68.98163572,163.2816619,190.0408303,361.9643208,412.8997402,95.43458188,3.252879341,252.3356182,28.02257157,554.9936475,3071.887843,7.26553096,8.182327978,0,7008.124648,2756.774729,278.9715514,0,2385.818843,390.3694669,0,20728.07802,1081.341768,0,9.673257514,8.365761675,48921.91777,96416.38673,34289.23159,248698.3332,860539.2348,12541.74883,171145.3397,58737.34338,1859770.195,11240.09692,132.1374925
9756,ceiba,1.12504,-78.65616,207,0,2.163786331,0,345.0928013,14591.97535,0,45354.62071,13068.18088,6.10E-05,83.31946025,29.66681119,9.551189801,16268.83657,2.336996917,43.9500814,2.07213184,16.41240286,0,10955.32314,120.7780973,134533.6268,0,0,59404.78941,493.025146,60.56547409,11.4872457,0.015578062,183488.641,2638.810639,12.96632143,163428.2066,90.12874783,2.788008914,225.8930082,707.4192995,235.8255008,32.39914265,79.50995067,25.65565305,26.54616605,3.813029245,80.36609882,4791.017199,208.4886564,370.7970066,0,30.00733994,0,388.4696321,109.0550172,65.72777075,22.8789935,16.14585921,4.159716948,11.59845226,2463.209758,631.1334824,320.3804176,14.57203857,1623.74016,419.997312,0,24399.43413,564.617924,0,0,0,1348.810324,2209.687534,2489.687923,314857.0227,3707.147394,4539.423609,188.8173777,1482.921644,51496.66829,0,29.45848097
9549,c_colon,0.462799765,-79.15503034,221,760.0725728,23.85327072,0,450.3763054,351.5887038,6521.525418,5230.870691,35778.97829,16724.26763,1876.394618,0,987001.7877,0,38.50840533,72.06086164,85.61571552,1.567884647,116.0654412,14675.41456,353.2691134,515907.0519,13.60435092,247.7455261,418526.4396,536.0364953,0,2166.580858,54674.67309,273.1805475,558.0066064,182.7915686,143.0024141,1555.105172,31.1042715,53331.1519,598.4940557,645.9597096,1848752.563,11740.50339,1.542226236,2185325.79,9593.979485,1803.093258,14185.74062,1672.073548,7994.673689,0,0,2746.28758,111.255224,35.50316025,68.92026189,12.29217456,226.0230023,0,1593.637847,9633.34194,0,22396.67619,333.898167,18199.95021,29.65888754,1770.6103,23771.63226,4434.863227,0,0,8.832520976,0,0,0,54585.24911,542437.9373,9467.794438,88194.90384,93508.38762,1994585.629,69041.09367,370.8016084
9550,c_colon,0.462799765,-79.15503034,221,4103.596867,318.3092647,948.8007936,0,100219.343,168986.9528,1158370.584,437829.6033,114.436267,3189.097429,0,3094056.509,699421.3799,20.61723009,84.49200747,3151.80978,181.4682209,661.4129767,159739.4239,350.4496396,4350704.107,2136.66535,9820.32447,3835723.599,661.7225072,0,48635.92457,5447742.924,932.2172274,1081.077009,3065.871568,353.9936971,3699.835006,0,445573.1456,1112.696463,0,6873299.234,6539.36024,603.4417082,2108080.053,10630.43728,22448.34603,86229.89583,33698.55235,11670.25084,0,0,0,133073.3822,2145.406788,280.6795983,7259.579311,0,0,48892.73005,65810.68784,21797.53702,496681.8595,0,472840.4027,4953.191834,1391.19111,0,834.3197965,0,449.9479375,0,0,0,0,1272063.354,7570453.164,69391.94054,1635185.517,779024.7736,19854246.32,321744.0775,1950.258995
9551,c_colon,0.462799765,-79.15503034,221,1678.580812,52.91617564,3.16666309,0,22265.69826,32521.07741,654993.8847,250279.0326,89.81404017,425.0489443,575.6506244,298606.8139,0,46.74748915,114.1883517,0.008200724,111.9469753,764.4561225,327992.4323,558.0488478,5650767.131,7836.725617,3184.463422,3309502.314,70864.32793,229.031414,18530.79085,24733.39928,927.1017112,1910.515702,218.3518754,169.2583592,2158.721912,0,154465.0898,3817.118957,1448.059882,611212.0932,262128.4817,49.54999808,2944018.267,17278.03097,3272.193752,558.6702245,3259.761145,6746.252677,0,0,10155.31069,8684.334268,1290.74183,25.57555459,300.2057478,0,0,2994.934482,11813.76743,277.5082048,15100.40517,935.0479648,55968.41898,20.3395979,3126.044686,174130.8194,4426.019293,1573.410872,69.44928,88.20376224,0,6727.240477,0,25986.25621,19279.50985,1939.015832,0,35032.83263,38634.42476,102703.8748,1980.347724
9552,c_colon,0.462799765,-79.15503034,221,67.73471864,157.117664,4.009954628,0,18856.7441,561.3774395,513379.2835,153969.8852,41.67770188,995.4862358,0,548839.9996,1608033.667,9.23372035,499.7713109,227.3792652,68.09933868,1574.008564,211064.3764,399.9499693,969911.9587,194.6524225,0,3671936.6,468.9219977,0,12532.21873,552005.7549,4963.200104,666.9840739,212.5689487,10025.6293,2276.11525,76.01155967,230976.7994,520.6256016,248.8487474,900276.3007,1919.726077,79.02556489,972449.6763,4052.967335,2355.351589,29803.39542,814247.5399,13070.44955,1118.146928,0,216.4972515,32890.57287,24298.58205,174.0889795,3320.441649,0,0,11638.25875,44971.84781,9026.56352,0,334.6831099,253663.7218,1784.206648,3202.311456,37168.16738,13.03809098,2165.432293,189.6273781,195.9580407,1371653.956,0,0,523381.1327,2287100.583,9289.902705,381785.4706,311211.5696,7847998.03,273378.797,1469.582424
9553,c_colon,0.462799765,-79.15503034,221,0,471.843082,691.9093922,0,32075.69871,150335.7754,720375.2662,206424.4121,47.44488523,476.9308862,0,146372.7261,1409240.776,11.02402519,13.50361084,4863.935917,581.546302,399.928053,238962.3322,419.7897829,3500336.243,14.92824425,28341.32551,7177017.547,499.6980174,0,534.2558576,2555318.725,269.0627421,479.8292869,213.5086383,438.6726439,2128.636461,0,442041.9904,0,0,379865.0063,10778.4078,224.8999922,1222249.809,4828.945496,11189.97793,40633.43914,13598.10697,5934.165419,11667.1743,0,12447.27643,52132.16908,963695.3346,1189.592891,9383.125098,88.69525463,0,0,182762.95,44947.24175,0,832.4165422,368765.0105,2392.48596,8304.947642,56197.79648,2241.467691,0,914.8384935,5712.233415,21790790.19,0,0,1304654.096,5293639.118,0,1239712.331,593258.8491,16462123.77,341277.3615,36654.45395
9554,c_colon,0.462799765,-79.15503034,221,3014.843604,272.7537296,2393.334691,0,87578.91905,1260422.842,244768.5112,152821.1093,6464.677492,1417.019835,0,3384236.254,1343007.796,18.64691889,19.50288752,282.7604636,935.7171329,2017.111932,146783.5192,440.4446825,841907.9259,0,0,4300943.552,224594.0267,0,17747.20756,941354.7288,44.97117678,1649.171071,150.4546039,7901.254054,8056.794511,120.574267,521516.054,957.0142681,2456.132063,7591243.139,12912.02671,177.2982009,3644541.849,12621.70918,2953.569628,184365.0082,9246.566859,9602.058639,241.2666393,0,598.5200943,279265.8325,79023.1631,163.8104055,3985.778608,36.67770822,0,11380.93283,102362.1004,30561.23614,3787585.169,0,259742.0619,0,31.40210714,19149.74909,1909.266724,4838.667784,822.9691607,0,1448329.503,0,15006.744,937943.6786,4300946.055,27344.79785,887032.6672,465217.1053,12556625.86,390558.6328,5847.653257
9555,c_colon,0.462799765,-79.15503034,221,797.8452184,434.9670332,7.260795446,0,28507.71259,8608.395843,51411.71255,16833.93261,81.23092014,331.7180523,7.712615171,519050.3486,251900.5991,31.03350528,128.3843556,191.5576368,45.25709961,745.1374536,110838.4902,300.5056758,787790.5188,421.6218258,0,2828955.327,149529.7658,0,17635.53909,1419207.55,55.85232097,575.8293999,220.3114236,525.0557661,4253.108308,0,323433.2174,0,479.4458195,1564009.25,13070.82834,338.3325749,769064.4309,6603.571428,2090.922057,29703.13263,11682.36254,5713.081679,18553.12292,518.253222,2844.674581,37987.08036,179.5131427,286.2449955,10426.52795,25.58983117,76.21098559,3960.475966,183277.844,63634.97631,4645.301326,0,290193.9079,2422.92018,8755.172345,13025.40846,3232.161254,227.3258521,74.50925529,57.95060991,0,6591.55362,0,11146765.61,5330729.005,0,1512182.775,652621.5782,19068126.69,384261.6065,1784.636894
9556,c_colon,0.462799765,-79.15503034,221,0,216.6473069,0,0,122707.558,35750.55543,78641.62067,1318404.197,254557.2365,10853.83827,903.1698018,8176884.916,949251.9411,130.76032,263.1303853,5454.737304,97.22659537,180.8576927,53574.99254,333.8433536,3659964.285,0,3995.771596,2460854.584,549196.0538,12.06402583,7.341060683,1250738.309,57.38303914,7063.320492,8878.406668,6102.561127,7287.691266,0,354705.3471,569.7497522,0,17814126.91,0,1129.878451,4539054.316,20706.01238,22166.1117,71444.85239,2950.390693,5375.352283,22717.42691,0,2067.390594,47660.53622,340426.5803,67.47979598,4639.95772,87.18611266,0,0,122459.1477,40989.07477,87102.12059,3315.897525,282707.1616,3184.959472,9625.944109,80575.15192,32718.42039,0,454.9787266,0,31326083.95,1098.645312,21694.46657,770573.8597,6483295.909,0,1294016.302,662895.8393,17321919.34,876039.0322,2836.849143
9557,c_colon,0.462799765,-79.15503034,221,637.0589514,144.1697471,0,0,151903.9772,3601.054318,109.1365333,1294.274198,68.6547882,1956.849117,0,850013.4051,0,25.50124979,2.457329404,8.827624715,367.4274957,180.9435576,40050.96528,222.7459021,1298653.758,167.7876183,0,722763.7736,42986.68554,0,782.8830354,226003.8724,1368.350868,892.6380635,1311.23598,3023.966499,2586.360354,0,128657.4549,442.1223973,1161.433286,3126573.186,21301.04878,3.3266193,2951901.989,11784.70452,13831.70637,2131.561424,2177.797289,5518.321723,0,0,9069.504961,22251.0483,36320.23518,28.29961291,327.3799808,0,139673.5667,0,18096.53644,1800.457902,4935.060311,0,14260.61054,440.575903,1337.541811,3403.075112,2940.721104,0,15.10264397,9.047822535,1338540.079,390.3302199,0,121188.8227,345329.8034,2606.868017,40655.16643,44304.39733,1214898.697,104596.1187,7210.070032
9558,c_colon,0.462799765,-79.15503034,221,68.76401657,161.1730782,0,46.74140979,130293.0047,336029.1432,40490.74141,30487.13311,2272.858321,706.169223,56.01682361,222036.9467,76531.27176,16.78727227,44.01850103,119.555997,968.04418,308.7047183,238421.3505,324.2298441,6408778.69,59.10006546,1233.465891,3735772.737,284.4497644,0,25585.79561,683067.8992,11016.06978,340.3777961,180.757299,31959.5994,2254.096903,159.8018113,649625.6408,0,191.2932536,645006.9255,4260.049722,18.3984487,5260125.787,17837.07439,19659.05778,7879.432962,25623.48008,6477.172774,0,253.3771214,0,3407625.383,6549.135512,651.5965033,3433.029858,0,0,18803.55784,220524.3396,32313.88759,13664.86307,158.1872791,742634.2353,1106.578231,15464.77537,179042.8887,7007.243507,0,2.828924074,8.192638106,4035933.274,0,0,55452938.94,49899.84155,377205.39,1231570.882,503870.5662,14285526.92,294694.2303,4016.41726
9502,s_domingo,-0.270395595,-79.12255462,632,0,62472.64994,1.640027364,652.5303585,22845.70305,54122.18688,794308.8865,227841.1053,53.80852343,476405.0058,191965.2611,1741299.579,88262.78682,637810.0904,18260.67938,1769537.142,13238778.3,256.3819609,1037006.354,161739.9539,15832219.99,0,226872.1139,1973.314493,25360.27112,65.69728342,233885.4519,180521.0786,112784.8432,0,816.9056724,629428.5248,4027.225719,24.7459616,4727626.521,2.081459392,4.87302609,4615592.967,28338.36004,227.0742384,110721.6919,2445.059973,190520.5582,7938.432408,10427808.4,1633361.165,0,886952.8545,452.3036039,1179162.568,39998.72962,367.9030532,666.014416,298.9864439,0,742.0414093,17628.13689,7314.315588,3177.917908,661.7280154,478861.0361,4952.858503,89772.46232,1436.469081,695.4696277,0,0,91.97304441,264.9002602,0,0,40594549.26,196502.4357,947207.0756,0,9884.59338,54063.75342,0,6455.778748
9508,s_domingo,-0.270395595,-79.12255462,632,2590.52503,378023.149,1.27558483,0,134190.727,233682.924,3752930.71,1011718.78,1249.11071,185727.575,134875.397,695861.553,0,88.3042458,104.781989,556220.308,5636347.62,185.566251,899905.277,1217.19202,5561121.86,0,0,678.020268,21600.486,0,2212498.11,7181.70744,133011.92,230358.317,0,1476390.27,849835.513,1269.31784,2102890.62,0,0,1938530.83,13252.7647,568.156221,3714.19155,130.470386,61665.9266,4416.06458,5302049.06,770199.928,0,434872.375,0,28820.981,15762.779,226.026229,62.7269524,274.179949,2723.97635,1265.62981,8166.23754,3408.03235,8479.67664,114.261478,447468.201,5591.8471,103652.217,86.3153199,1085.16063,0,47.9611396,664.969317,0,0,2125.05083,6229867.79,24031.0221,165846.968,0,24004.4852,88524.4171,1878.09892,0
9509,s_domingo,-0.270395595,-79.12255462,632,1149.035804,159543.2543,8.910230573,0,134028.9211,68731.60552,2684944.112,1097180.797,59.45838309,229243.4118,5323.641978,582785.4965,0,96205.9844,33.42094821,2427015.96,4520163.217,126.2676435,542138.2494,441.0511811,4404368.06,547.8480529,674.0609214,761.2417168,239235.9615,201.8800882,85269.65131,26799.07948,220908.0259,382710.9843,0,2450673.38,1589835.8,1831.860481,1955868.846,8579.151894,0,1833963.156,22074.25892,544.6102429,121135.2717,0,75052.95815,4803.573443,6598621.814,891309.8801,0,576175.3322,0,384374.6334,2662436.01,155.7448092,51.51238842,191.2698861,2330.146784,0,15981.95735,445.6519255,6716.9898,75.68705861,995092.4296,0,312894.9149,20803.79193,1834.038065,3832.681418,80.01398764,556.2237449,0,2193.415448,0,13908544.68,150845.2721,260871.6379,0,19421.42069,86461.25843,3254.986427,42287.48361
9505,s_domingo,-0.270395595,-79.12255462,632,0,434453.3331,0,0,94871.677,110696.6737,1459570.637,137643.0932,68.14533402,46038.27827,56419.57236,132955.3052,428988.747,28.83685062,30.92477961,149356.4373,1311695.194,149.5600059,232727.657,21241.12647,15407823.33,52.17807381,6340.00538,1504.485712,5907.734573,0,18047.71551,22545.79956,749721.1104,208106.2991,445.7097254,1733868.212,2944.400462,1123.490694,404848.2201,5.14999131,9.594671883,388948.7614,2176.694529,395.7161773,744.7233327,35.34724659,19898.69005,6199.546813,2196010.959,339942.9177,0,157435.9176,0,145225.0522,239191.1302,191.7629279,12.59020146,185.8136608,317.2157997,0,5916.866176,0,17188.66468,279.4176451,165104.2565,2485.891198,103029.9142,23.24875704,2183.360231,103.6302128,16.16500098,46.25127404,337.6040454,0,0,2309685.259,15951.33967,82401.48091,0,15308.91684,40004.93985,0,5351.841806
9510,s_domingo,-0.270395595,-79.12255462,632,0,11757.9922,1083.2093,600.979537,125670.66,60359.3101,1538664.61,392635.959,81.7411013,242580.114,171741.093,829810.392,406359.283,25.0486817,55.3365707,995956.348,5915714.27,176.235494,1311496.55,400.459888,7277252.58,0,0,1971.87771,203598.075,111.580082,141980.728,378757.07,110186.559,3621593.51,0,407437.048,72711.6415,0,2606160.17,0.86677412,2.81385904,2128025.03,46797.3842,1558.01299,53991.2274,76.48212,129381.444,4988.48746,12076735.9,1947003.09,0,1118007.66,433.249016,607503.684,35801.4174,183.984306,1074.4599,0,1449.4612,2910.53614,12932.9062,3776.9302,11731.3505,0,506829.813,8010.3446,154636.894,57.7941453,593.483792,0,0,42.6263256,244.217392,0,0,10838469.9,24358.1764,254714.899,21659.068,18629.5748,25131.3389,1465.28803,0
9507,s_domingo,-0.270395595,-79.12255462,632,23.74272033,271916.5397,0,0,156001.841,73143.10294,572818.1365,179789.359,106.8494358,984611.0115,277633.8931,2771354.073,273969.2942,135151.8751,10511.29772,2016170.36,27954644.81,244.6313298,1956352.235,338257.5827,34959136.9,0,430.7843232,1518.391399,1050158.031,53.26137741,242503.162,109103.8308,1861140.735,0,0,9945897.813,2570693.766,2127.791553,10568768.22,2.489333189,2.887425113,9286797.162,72243.76333,229.0829172,207383.8146,7044.968338,377539.1105,21804.59718,21502072.89,3356570.45,0,2108217.772,2239.39811,392019.13,56637.17339,204.6131204,1069.710525,781.0309977,0,36.11138675,15840.24337,22561.51506,22953.82888,149.845632,1546684.806,10184.53339,317677.4685,261.5362525,162.611772,0,0,66.82157243,0,0,0,29564853.08,137329.4954,646814.8977,0,32321.6062,54179.94489,0,0
9504,s_domingo,-0.270395595,-79.12255462,632,46.76489649,14162.72111,1020.13222,0,128029.5428,20897.34098,263329.2496,71124.00635,61.56599874,338699.3432,87942.24444,1207668.818,0,880273.6293,51640.15921,2140605.573,10096716.09,154.0585187,437087.8282,128823.5868,10752897.71,0,705.8183923,1535.016319,4551.576702,97.95170368,68706.87501,8857.680226,1124575.54,249773.5395,0,2762990.962,3300.47625,509.3093582,4251066.782,15.3479395,33.87003395,3357322.932,14349.08626,183.8718631,221292.77,3406.831094,200666.4674,19982.86613,4405764.65,560533.7486,0,7899.353271,509.8965958,59370.72376,66743.82679,173021.3193,79.88157687,328.5479706,0,628.632177,111793.6208,10060.52592,2992.105899,1396.369348,119946.6767,1504.056408,33682.99082,88.45616789,1130.03524,0,0,197.9745583,0,35299.88517,0,57320287.36,45263.06299,1189762.732,0,98305.41244,34191.96935,0,2332.649505
9506,s_domingo,-0.270395595,-79.12255462,632,1861.220165,274548.0594,0,0,112506.2913,34219.85967,616945.795,21823.69648,93.83023161,99159.42032,73743.08172,333787.3274,0,18.94499104,40.00008712,356236.4753,3109470.048,97.20261792,169155.4809,34092.04442,13578104.15,810.1265599,0,885.2753088,192090.0205,0,24797.57793,102013.2586,74153.87485,97262.32062,0,803189.1373,826927.3402,0,826011.5209,0,0,878857.6937,5187.115602,273.1002317,931.6722118,87.70752133,20677.80434,8441.939976,2028283.075,276118.7426,0,162279.9082,0,532423.1133,1908.093547,144.3523158,88.71530198,2094.252075,339.3654292,570.1332094,5682.856039,0,2678.96191,232.8583993,584427.4871,3747.135432,79313.79602,17.48958561,1530.038597,0,163.1837832,31.23230914,874.1755649,0,0,1438391.336,8646.520614,44933.1672,3498.810697,27548.72716,23070.29499,0,0
9501,s_domingo,-0.270395595,-79.12255462,632,768.7531186,177183.8284,22.81742169,383.8426122,15909.50848,54179.08918,1531421.409,490524.4766,135.2815792,430372.4902,172729.5374,1640192.721,149606.691,249263.8795,638.0146945,4264083.418,12598209.78,743.3394463,1211815.734,219697.3777,22743081.85,0,282441.9997,1166.780088,127163.7619,46.60314686,78891.37128,64179.75272,2049540.337,0,0,9212115.867,3013609.788,0,6749630.794,9.437978014,24.31657165,5309948.923,53516.03913,185.4141651,404854.072,3058.232779,274972.0952,9232.317809,16218986.56,2347475.28,0,42522.67011,1394.205026,387983.0009,81516.81773,125.1445072,413.4715719,862.0146983,0,7937.524344,264676.1756,24261.22139,7828.113248,1136.782884,2351706.942,13478.07197,361418.8847,163.0364049,3144.730682,0,3.832577038,89.53590775,0,51350.32738,719.1232352,68156454.96,0,704041.4248,0,60435.81245,84161.30925,0,2111.240025
9503,s_domingo,-0.270395595,-79.12255462,632,0,48894.70546,0,0,19969.43343,42530.95845,563421.2175,147602.8099,960.114349,499531.818,120647.7857,1698396.673,610450.9151,354713.1217,14.24807378,4656220.942,14895186.64,220.1352601,1276313.974,291258.7237,30256609.71,3071.370357,232640.3011,3069.52112,207176.6082,81.48837239,131587.5362,95121.28339,1280803.504,267.1147673,0,3029981.878,532658.2729,12.37692722,5545622.442,0,0,4307850.642,46323.98265,186.593298,329673.5539,6094.568703,1484194.942,31826.36535,16305955.7,2499479.219,374.0091372,1567810.748,0,3605331.896,46695.89359,502.1293446,1735.742658,0,0,1545.608778,20466.97005,3766.646808,19880.35397,397.0803538,4111700.638,28341.81051,177586.9848,6086.775935,8327.198012,0,0,69.31975154,265.1065551,0,0,6100224.373,55753.38044,154686.5936,0,9975.044627,46830.7948,513.7078974,0
9520,p_quito,0.110139505,-79.16688026,302,3259.80524,2690.666337,0,0,126179.1642,365.2829186,789639.6251,111066.8611,33.39081573,162826.2674,48604.90075,5184837.099,640558.3829,8.864039909,54.68938103,10170.8442,6627964.391,115.2997768,173924.0549,748620.6834,845658.2694,6323.113415,0,2626701.065,889.381444,0,136.9081771,14663.63403,2689.052398,1437.104049,166.6223801,34642.97583,3010.524646,1434.753664,9520736.528,0,0,3151527.156,1967.08254,201.2876532,17148.48873,2731.360393,499982.0344,2561367.702,12949.24162,5573.187207,0,0,0,48552.25203,9020517.428,385.2808024,1971.520059,1.052091471,870.1658967,529.8038096,14663.2434,5188.192324,812.8021564,122.4808378,203480.4179,662.274662,0,2289.698011,931.4555696,9562.135909,2317.561394,799.0231804,0,182.0817956,0,9180301.813,38912.61666,222193.1946,2736.366974,27873.34831,39216.80925,0,162332.8139
9516,p_quito,0.110139505,-79.16688026,302,1004.698074,2092.663528,4.863791898,37.59496201,141243.8171,1723.43405,182223.1179,37352.85972,73.30328059,260570.3355,65452.55991,5860999.945,219051.18,10.40778435,99.01378515,8016.379834,9749984.499,0.906981627,361918.0576,1280036.675,593720.545,25.51741449,602.2544324,5648393.984,1331.177893,0,105.2895434,13619.03692,1415.037709,331.4392801,61.4707498,33516.60917,3586.278622,158.1872927,11326760.26,7424.767803,0,4522155.255,1922.694933,161.3386168,48630.62416,4672.92946,627382.1743,1466820.814,15562.81475,6658.419331,0,939.2528409,585.2536869,31345.61122,17781876.99,375.7580361,3082.25979,370.3185272,967.398505,203.051274,44655.80228,8820.421485,2363.60789,0,26275.97071,272.5175837,0,2211.118989,0,6155.078504,2925.683128,384.0763983,0,0,0,12148493.2,50786.85097,263229.1063,0,38450.66944,33690.52141,0,562198.6567
9515,p_quito,0.110139505,-79.16688026,302,1798.966149,5654.299586,3.794206917,117.4640199,121691.692,58281.9499,1118835.863,235963.8708,26.72116816,682200.9586,438484.646,12971871.27,2119766.179,9.953515539,4.499366229,9408.758272,15210640.93,0.236565238,681095.0937,1808498.006,21799.10399,0,43.52881036,10358562.54,1337.156094,0,219.3722862,14314.80702,2958.22896,1032.752998,118.5908761,26083.67755,6149.510233,0,14161257.61,0,0,5627361.276,3747.982518,185.0461243,64357.11258,6677.669894,10065.68163,2104450.768,19600.29696,7216.521671,0,2985.558005,2652.862351,54227.3524,9316659.49,314.0857135,4542.090773,2552.35769,1719.691089,0,57457.66311,6988.23147,1885.260531,610.2705333,97991.93695,4464.558807,432.6264514,1182.965951,3145.280154,5657.911464,7925.848946,2469.915919,0,0,0,3894491.533,12189.91066,98669.51783,4693.313451,73092.21157,41343.69799,0,177273.5643
9514,p_quito,0.110139505,-79.16688026,302,103.9365254,6983.755107,0,0,152360.0823,81687.92137,833076.1188,218962.653,76.83080801,1400321.142,583961.6208,9571973.02,873369.7609,11.65163589,88.86723333,9907.401886,24522307.9,18.01895748,487920.6549,1473025.677,70.21869743,316.2248108,2.85074434,7308202.906,1038.655297,0,1246429.036,124828.9715,2930.905473,0,0,66084.03565,8502.24082,0,17565840.36,0,29.70535911,5957730.853,0,449.4769034,68988.08476,2115.77718,4588.004849,17548.28412,13178.14966,7413.944551,0,2736.732097,0,19306.94678,17998146.39,764.6957689,3356.480329,769.6101997,1978.773209,10933.71928,21142.5315,8682.30886,3382.801228,1021.450709,782074.5569,8696.480963,5971.465145,261.3915039,0,4490.17629,392856.2709,0,0,0,0,20642418.48,116266.6216,405826.0927,0,63510.41479,40271.52452,0,470528.2648
9521,p_quito,0.110139505,-79.16688026,302,2997.801353,5156.826108,15.43678885,0,146875.7491,4401.849495,103819.8325,72502.73299,81.54502248,67978.06281,70485.04691,965227.901,0,11.30664705,16.80391132,31747.80531,1038728.793,268.4369716,178109.428,4505.26869,366617.3339,29.93997367,0,571160.3843,648.2927438,0,307898.2591,2343.812526,823.3680142,604.5682918,0,63670.14125,2296.579199,141.475397,1662745.323,0,0,393199.1748,1330.014083,583.3121419,2644.19442,989.1277821,54889.22028,0,5051.734321,5688.866287,0,0,0,36733.1672,5384.032911,0,132.1246359,356.2946832,0,83.87700763,9019.802494,6779.598885,17628.77855,227.6202433,96837.4476,1379.211075,0,173722.3287,1435.604208,0,24.09048355,0,0,0,0,18375682.09,65108.28186,366787.3851,5645.700683,35056.93967,36858.15349,140200.692,3660.227932
9518,p_quito,0.110139505,-79.16688026,302,490.4694729,5545.118267,0,0,121641.0082,18686.14391,558990.0882,129026.3353,32.16138716,573463.3371,295757.6347,9279326.679,1022322.482,13.58491256,43.16929776,111297.7417,10857719.95,377.7709513,328065.273,772797.586,4979.672505,52.34915275,1501.195693,6558770.783,1032.494655,0,168393.5037,145947.2768,3267.095692,314.8990231,0,155974.404,3070.470714,464.8612974,9620602.933,0,0,4193286.664,4437.899517,168.796291,50706.36543,1969.478544,286064.4832,351807.3324,11844.59312,6557.635033,0,2748.076056,0,91577.23861,606912.2849,17.94977562,3339.972623,251.0471985,390.8539383,1947.033364,53284.03577,5207.351693,680.7096898,3086.607011,217826.5504,2730.052052,3801.090348,2673.327411,2517.741904,8910.826907,992.8446623,52.32056626,0,0,0,17891197.94,105462.102,344722.394,0,5409.523412,53043.18439,0,14222.08811
9511,p_quito,0.110139505,-79.16688026,302,1621.073819,30023.13515,0,0,77881.78655,15498.81185,525298.741,154237.7184,32.32569983,444107.0618,137858.5723,5513238.349,807488.3063,52.29312955,217.2613192,6942.984518,9881466.066,392.8501625,180196.1126,1171565.476,3417.31476,109.2016281,583.6828185,1285758.891,1193.587523,0,450473.6712,35854.21541,1749.847307,0,5615.03896,48860.39053,5290.896795,503.2150607,11165026.63,5668.984795,0,3850435.885,3026.09153,196.8303831,50796.90203,1779.720688,1029304.555,1015885.843,18770.38566,6380.26659,0,0,0,54584.43474,37158454.45,0,2308.021107,1043.984465,476.6718838,86.45917608,140820.6956,39265.35768,2527.568497,0,453867.236,0,5162.874132,205107.1217,18118.25748,5974.155606,1343.297712,359.1269654,0,26964.777,9536.223304,41238914.66,223381.848,790754.4995,454.9607916,20432.4695,62185.88403,0,1255568.785
9513,p_quito,0.110139505,-79.16688026,302,65.84896095,4569.878946,0,0,114595.486,31222.09712,254237.7873,124109.1148,259.3083092,277839.4068,183341,3813784.795,0,11.53759497,22.07670981,30829.99715,4534478.152,55.30827321,92364.29088,188462.2037,3903.980404,0,960.382809,1093412.665,726.9622745,0,819446.5178,125790.3394,594.7272978,2665.061625,168.8373686,69625.9857,2080.19699,0,6323839.656,0,0,2678640.261,595.2851051,229.8865186,25973.7506,568.4561365,176487.4744,215568.4869,8163.961269,5349.128233,0,0,2776.981292,37590.69418,1058946.005,123.1565536,2098.914211,45.92815745,4234.236303,3913.556681,10346.11378,400.8405696,2132.167284,3239.159596,184077.3935,2476.036874,27717.32261,2489.211975,1765.734924,2486.731578,1618.375373,0,0,0,0,756917.0608,0,31819.11573,4243.99258,19013.72929,25387.50021,0,10747.49956
9519,p_quito,0.110139505,-79.16688026,302,562.4531579,176.3468632,0.856545337,0,113798.2826,62543.90251,677844.7047,131081.8305,74.88716441,422242.6511,138042.6946,4261981.575,425288.4932,13.80711469,4222.12469,307134.886,7913927.924,78.78025725,220525.2131,541550.3443,17946.15814,50.14665824,432.275046,1512449.387,967.3836913,0,357244.07,614021.964,2907.187749,979.9807855,129.2816121,491336.4154,2801.770983,79.20284429,6196413.352,0,0,2165949.137,1969.087133,251.7541411,43762.20339,792.1218191,9578.160708,8863.580704,16024.45663,5776.525948,0,0,0,47052.90467,6668953.615,0,1069.587234,61.39076734,13216.03446,433.263696,27411.9624,0,3067.628887,1833.955764,317730.1647,6311.493298,1372.526487,253618.9445,474.3844925,15149.6715,159622.1003,0,0,0,0,250395.5227,7841.168135,4447.0966,0,1590.495436,26956.78502,0,89485.18996
9517,p_quito,0.110139505,-79.16688026,302,0.222905709,12.72992369,0,0,83.84520286,92.98063948,59.20370059,19.00542689,0.685453486,45.15911915,0,28.15469579,29.02798453,2958.27626,7.815296831,20529.03269,21016.16326,1612.388964,1822.678519,8247.960753,36813.83777,3.83730059,0,11120.8767,2458.294295,0.199876734,1551.759771,1785.033299,8092.668981,7873.477952,0,32426.45835,11381.80278,112.5454727,30063.94522,18.59340148,1.726302359,12062.95331,57.27045765,24.65666303,237.7284842,2001.769286,98.5067772,59.88936673,11371.41009,2166.077938,361.3027898,684.1192913,0,3715.735408,20834.01883,59.7750194,120.8619663,136.7969887,0,0,1140.930778,266.518136,43.31112783,15.07317265,8574.600514,0,1603.888893,29.43245779,0,53.44144486,366.6659878,0,0,295.3517323,0,192287.6497,2715.800371,901.278573,2836.720899,243.2863348,5822.626502,0,155.3309478
9512,p_quito,0.110139505,-79.16688026,302,1252.673455,4333.454561,4.542003868,0,86580.84652,31656.16792,521873.1154,123806.9982,84.5798614,744220.9569,253616.4745,7970655.323,1082291.99,20.75841495,1727.672882,12579.08898,9923194.81,122.5226238,179228.3624,380950.1175,5800.352133,0,711.3301742,3712502.101,977.5063733,0,154653.4445,276648.9661,1754.609036,2033.967033,200.8241688,22550.3545,4744.034795,329.702015,9776579.846,0,0,2901720.591,150.1112652,233.177117,7793.816343,939.3095017,9550.367824,34552.74967,13147.73329,6198.477112,0,0,0,215512.7222,953944.5726,67.09782925,2817.342954,192.8397264,732.2477358,12643.59616,6972.558159,128.865381,442.5601502,883.3940885,527227.7164,3999.580012,7622.972859,1055.595183,1975.741349,4047.188713,2476.479616,0,0,5834.277804,0,10878817.13,93568.26922,268982.9824,0,29277.52858,25310.12504,0,47939.89214
9431,H_infra,-0.82733,-79.18499,480,0,78.21988258,0,1081.059786,362.955668,14.01953485,1274.458031,660.6014877,48.32454535,531.8744403,471.5386492,22.66320616,5.605692031,98.70265949,4.075496298,66.16298268,60.4730213,113.4810066,44.23673749,609.075165,84622.591,837.8668613,278.9682244,8.630050239,737.024706,0,883.1247757,28.43602059,103.9046503,139.0568175,248.1369828,578.8555596,3536.031936,0,2772.580544,1829.336781,167.2836115,168.5507386,73.60058589,773.3745574,8282.278487,372.3406122,4005.542077,3522.889753,1051.148142,3975.117421,0,706.9097685,191.1377329,109.6395223,15021.71689,1.262272979,211.4120514,211.9816034,68.44254389,348.9219613,4950.84903,67.56978589,160.3926318,111.6700446,285.9925885,28.36879168,156.2660068,8.506606499,6171.715506,0,863.3786335,111.5743215,388.699709,1277.644657,1345.544216,42100.10286,10058.2894,524.5552926,4158.527932,4130.028797,25665.09606,0,0
9432,H_infra,-0.82733,-79.18499,480,0,18.99927117,0,0,609.2047433,86.79247481,1489.365292,601.4351361,39.27888186,421.8436254,0,22.47060254,22.92952761,70.43833984,0.472576305,55.54272073,12912.32448,65.424679,62.7909202,650.210834,24710.0357,409.8705525,488.3972148,583.8707176,1397.086648,100.4614566,112.5381482,35.26115681,408.456497,10434.1012,26.41731106,170.6944727,2312.117547,0,2428.42854,1614.448134,222.3782701,2061.012331,199.6449973,737.1753111,1340.007908,83.81820498,500.8881768,3487.860805,501.9820835,4545.606842,0,0,0,42.12095837,3042.749426,0.815952604,183.5213575,250.9910532,4106.550135,0,2842.189781,48.05385079,1679.51545,261.1282917,1131.53308,521.5837507,141.311362,13.13158796,873.4461619,0,774.0574605,107.0307155,6886.00579,0,0,40331.07002,7081.655724,3465.20408,0,914.8742475,5840.569879,0,0
9433,H_infra,-0.82733,-79.18499,480,105.8117275,62.10829708,2.449392952,1426.356928,521.0718179,98.09658195,868.5048248,513.5774611,64.2714024,254.2006517,558.8578855,4.028093259,1.476674533,79.09879377,3.572025731,63.51568457,8.504351699,58.28141493,104.4814945,700.8013424,74979.08552,1031.080211,243.9280166,17.12037285,736.466582,0,154.311169,533.8837168,774.6985167,167.768445,22.38971429,360.1076109,2228.986718,135.6911078,2217.803477,1348.677852,129.8505762,527.5849668,298.1179663,807.4153172,1031.358744,474.7003041,519.8355462,2828.427253,584.303071,4314.266287,0,0,0,39.97633342,4473.023359,446.215922,57.90466999,112.4480525,187.6309477,30.93647245,1282.47258,25.99868344,400.1430075,379.6823695,831.601003,13.89557114,108.8276061,21.81907065,2720.209018,0,1176.065986,103.8382825,1702.154101,0,745.2869523,23164.84993,3355.472141,1329.764044,0,2037.777161,4448.291113,0,0
9434,H_infra,-0.82733,-79.18499,480,189.2585713,142.5044495,0,683.4854082,437.9575191,199.3090136,1263.841817,712.4228056,72.04514141,371.7651233,293.287893,6.385598572,18.08191372,47.42135409,7.692593108,244.0999703,112.3474706,316.8204376,140.0719198,520.7558438,569029.51,256.8997892,37.28282013,27.08604708,916.0118001,0,641.5667249,19.49099118,7546.919655,239.3644797,94.89990678,56019.5894,2700.617163,149.9504021,5403.559117,4031.831258,421.2135954,1362.756322,1616.112789,1816.571578,2589.016693,173.2963517,1713.866568,3606.19344,546.614324,3392.526292,0,0,0,292.4499072,31.83671496,2.443345533,74.65042023,0,125.9305475,0,7092.191632,1341.393104,566.3851181,1803.833077,765.6617831,6.995594485,0,0,4848.322688,230.4360958,1252.341674,148.2668944,209.8157791,2447.535115,5021.926718,68708.93503,14222.65735,785.3732197,4095.68479,5569.401237,3940.337244,958.4614144,0
9435,H_infra,-0.82733,-79.18499,480,65.47169943,22.34689217,0,147.0452795,1177.37388,154.552726,2892.170627,699.8382172,53.95713186,598.0598052,564.4935903,11.14850128,0,111.950264,2.216765361,16.33896952,11.20238437,41.25207511,27.49550831,629.1897805,1407.745879,585.6477749,457.0015633,588.0902222,1095.74961,46.89452216,161.1173363,15.27031981,168.8169944,200.7426336,33.30994173,258.1257393,2304.687828,0,3629.164919,2579.055971,221.8388429,803.140623,308.6085315,947.371348,1493.813637,80.33142884,642.6733067,3567.931804,1069.685889,5185.178888,49467.0134,510.267516,0,49.99644157,59485.23205,1522.713499,1016.759528,69.67753535,46.6550471,59.64284527,4217.891147,0,1898.394144,0,1564.5158,7.606816497,533.9700777,6.660700179,7245.850126,0,729.7710018,99.73293185,374.2155381,0,0,51399.66051,43093.72871,7248.663485,13292.97337,6153.943164,50514.68104,0,0
9437,H_infra,-0.82733,-79.18499,480,0,128.4225742,0,802.7599936,616.3616568,120.3376141,1034.206768,572.0743389,72.70378168,322.2129924,417.3880262,21.56371999,0.540367053,85.90187156,4.844838611,102.5789789,12.51651095,47.52344805,83.31939009,551.7214631,1508.837255,336.949552,386.6685592,30.70868756,1109.174777,12.99172028,195.5447427,83.535079,462.666571,2671.813458,20.13831371,201.845223,2478.598015,0,2851.809571,976.9944106,171.2282273,642.8289558,248.0997021,882.451051,2142.284427,134.7066213,772.7724349,3987.266109,1878.347315,4074.990381,0,845.4879886,0,23.75244845,20094.30249,629.6808748,8.130859096,55.23859681,283.7602546,0,9481.28562,0,1324.740982,0,935.0508606,44.45204312,120.836761,10.59426199,3424.845624,0,32.0338553,657.2799477,0,4168.28423,1331.101072,44141.56275,6246.958197,805.7688117,869.7959987,4264.190668,28529.82435,0,0
9438,H_infra,-0.82733,-79.18499,480,0,35.9222807,0,1432.251374,831.2605745,294.4853022,1037.144325,888.792395,48.48781079,368.2861683,0,11.86844876,11.71491455,128.4869794,4.558219434,132.9812944,4.838143822,141.7681637,46.16909605,435.5562527,770.3863673,0,347.7572322,38.41194443,904.3636663,14.65457785,100.2445783,16.73297715,420.3360357,173.74399,46.21331701,252.8723573,2343.08118,0,2169.745132,1622.363185,171.6555105,1243.899096,432.1799445,690.379663,1496.239351,128.9566612,909.2790063,3140.113153,2625.961372,4004.522575,0,551.3466483,0,48.45654091,37886.44004,1565.384126,0.989548601,0,40.79961446,0,21096.0736,0,1874.044227,0,2819.921977,10.09759543,135.9598578,9.71645222,4005.281441,0,726.558237,92.40016209,0,16228.68173,1149.791733,53845.43272,11375.15709,1741.329963,0,5126.673243,33794.50113,0,0
9439,H_infra,-0.82733,-79.18499,480,92.04689378,50.63277652,2.429307151,771.6971328,1001.8212,481.3558817,741.1450653,376.0452721,64.75237344,417.0569758,430.7011955,136.0398305,72.93440851,63.76390094,15.68532075,136.3980328,22.22543887,59.23198908,82.23388757,448.4011161,51178.88249,767.9481182,339.5887507,12.4433393,1098.926585,110.1221763,185.2733332,11.6329618,316.6802361,226.9080057,49.23439619,390.9313968,2548.817737,310.9083949,2293.052378,991.4386981,106.279374,659.8287177,311.4695527,1139.751939,1361.78895,79.99339562,1586.760054,3688.063557,846.5887917,4607.331181,0,0,0,81.7330727,7345.177746,12.5281231,261.2756183,0,127.8879754,16.19888271,3416.332208,0,634.9424801,206.174906,2112.070684,35.73984688,84.28797745,68.33575676,1217.642002,0,1400.185895,325.183257,3863.125442,0,0,30194.12514,10477.29228,1066.882848,0,2360.147239,10751.59772,0,0
9440,H_infra,-0.82733,-79.18499,480,39.28097789,100.2180591,7.10437038,192.8890508,545.6244499,2024.360878,344.2409824,539.7773502,55.07890477,362.1263122,527.6904452,14.0411563,0,150.1692192,7.342994173,91.05023351,27.23038332,159.2307271,49.19784319,553.9819869,964.643526,0,0,864.8757195,928.0655064,154.2598616,641.3502192,430.6463484,738.9133675,232.4610681,62.49210291,739.018969,1939.936634,0,4843.42349,1369.357033,1400.250078,993.589518,333.1697897,1127.00204,1996.14059,1528.488818,3709.904348,2093.180458,1958.08922,3678.790412,1679.007333,0,0,121.4445686,19006.47879,501.4922829,13.24265204,2095.78891,347.2430846,0,8470.664755,0,135.9705197,0,698.4191007,97.84772964,140.4282367,32.57233323,4779.405936,0,319.2260655,32.39031605,0,6795.092469,4942.650551,48684.09429,9948.753295,976.730457,0,1231.552288,5646.722504,0,0