Subfamily,Genus,CODE,HeadW,HeadL,ClypeusL,MandibleL,HindFemurL,ScapeL,WebersL,PronotumW,InterOcularW,EyeL,BodyL,Sculpturing,Pilosity,nSpines,ColourHead,Colour Mesosoma,ColourGaster
Myrmicinae,Acanthognathus,ANT-938,0.62,0.89,0.27,0.93,0.62,0.62,0.78,0.38,0.44,0.11,4.13,1,6,2,21,22,22
Formicinae,Acropyga,ANT-1410,0.47,0.51,0.27,0.29,0.36,0.33,0.49,0.31,0.38,0.04,1.91,1,53,0,19,19,20
Formicinae,Acropyga,ANT-1575,0.51,0.62,0.18,0.33,0.33,0.27,0.53,0.22,0.38,0.02,1.8,1,2,0,17,17,17
Ponerinae,Anochetus,ANT-761,0.87,0.84,0.29,0.51,0.69,0.58,1.09,0.47,0.6,0.11,3.56,2,50,2,23,24,23
Ponerinae,Anochetus,ANT-738,1.18,1.2,0.13,0.89,1.18,1.11,1.62,0.62,0.87,0.18,5.58,2,35,4,20,19,20
Ponerinae,Anochetus,ANT-814,0.91,1.07,0.4,0.73,1.02,0.91,1.62,0.71,0.62,0.22,NA,2,65,4,24,24,NA
Myrmicinae,Apterostigma,ANT-063,0.82,0.91,0.18,0.53,2,1,1.67,0.58,0.58,0.16,4.76,3,216,0,23,23,24
Myrmicinae,Apterostigma,ANT-315,0.82,0.82,0.18,0.51,1,0.87,1.51,0.56,0.6,0.18,4.36,2,122,0,1,1,1
Myrmicinae,Apterostigma,ANT-1538,1.03,1.2,0.25,0.68,1.88,1.18,1.95,0.8,0.75,0.2,5.23,2,128,0,21,21,21
Myrmicinae,Apterostigma,ANT-358,0.69,0.87,0.13,0.42,1.09,0.67,1.16,0.51,0.58,0.09,3.67,2,88,0,24,23,24
Myrmicinae,Apterostigma,ANT-681,0.76,0.84,0.22,0.42,1.07,0.69,1.31,0.53,0.58,0.16,3.91,2,166,0,1,24,24
Myrmicinae,Apterostigma,ANT-726,0.73,0.89,0.2,0.49,1.11,0.78,1.31,0.53,0.6,0.13,3.98,2,146,0,24,23,24
Myrmicinae,Apterostigma,ANT-1233,0.91,1.11,0.22,0.58,1.67,0.73,1.64,0.62,0.71,0.18,4.8,3,148,0,1,23,1
Myrmicinae,Apterostigma,ANT-381,0.69,0.89,0.18,0.4,1.11,0.73,1.18,0.49,0.58,0.13,3.78,3,103,0,1,23,1
Myrmicinae,Apterostigma,ANT-831,0.78,0.84,0.11,0.44,1.22,0.73,1.33,0.51,0.62,0.16,4.04,2,196,0,1,24,24
Myrmicinae,Apterostigma,ANT-1400,0.78,0.91,0.13,0.51,1.29,0.67,1.33,0.53,0.6,0.07,2.8,3,112,0,1,24,1
Myrmicinae,Apterostigma,ANT-882,0.84,0.96,0.22,0.47,1.58,0.89,1.56,0.56,0.64,0.16,2.78,3,78,0,1,24,24
Myrmicinae,Apterostigma,ANT-947,0.91,1.07,0.16,0.49,1.78,1.02,1.78,0.67,0.71,0.18,4.96,3,98,0,1,1,1
Myrmicinae,Atta,ANT-278,2.27,1.8,0.43,1.37,4.1,NA,2.83,1.27,1.83,0.37,8.27,1,192,8,22,21,24
Myrmicinae,Ata,ANT-405,1.2,1.29,0.27,0.78,1.56,1.07,1.51,0.71,0.93,0.16,4.91,1,55,7,23,8,23
Dolichoderinae,Azteca,ANT-396,0.51,0.36,0.13,0.27,0.53,0.44,0.78,0.31,0.31,0.13,2.2,1,28,0,1,1,1
Dolichoderinae,Azteca,ANT-1337,0.62,0.62,0.2,0.33,0.91,0.6,0.84,0.62,0.38,0.13,2.44,1,35,0,17,17,20
Myrmicinae,Basiceros,ANT-1242,1,1.2,0.33,0.47,1.1,0.83,1.33,0.73,0.77,0.13,5.23,2,14,0,1,24,24
Myrmicinae,Basiceros,ANT-1259,1.2,1.4,0.47,0.57,1.3,1.1,1.67,0.93,0.83,0.23,6.37,2,29,0,1,1,24
Formicinae,Brachymyrmex,ANT-1144,0.31,0.29,0.16,0.18,0.36,0.29,0.36,0.2,0.24,0.09,1.29,1,8,0,19,19,8
Formicinae,Brachymyrmex,ANT-374,0.33,0.29,0.13,0.16,0.29,0.33,0.38,0.22,0.27,0.07,1.31,1,8,0,8,19,8
Formicinae,Brachymyrmex,ANT-808,0.33,0.36,0.13,0.2,0.33,0.38,0.38,0.24,0.29,0.04,1.38,1,12,0,19,19,8
Formicinae,Brachymyrmex,ANT-1362,0.42,0.44,0.11,0.29,0.44,0.42,0.49,0.29,0.36,0.09,1.98,2,21,0,19,19,8
Formicinae,Brachymyrmex,ANT-1483,0.53,0.47,0.2,0.33,0.49,0.4,0.53,0.33,0.4,0.09,1.93,1,25,0,19,19,8
Formicinae,Brachymyrmex,ANT-1564,0.49,0.51,0.16,0.31,0.4,0.42,0.71,0.33,0.4,0.07,2.07,1,21,0,19,19,19
Myrmicinae,Carebara,ANT-044,0.45,0.45,0.13,0.28,0.35,0.3,0.5,0.28,0.4,0.03,1.6,2,11,2,20,20,19
Myrmicinae,Crematogaster,ANT-765,0.6,0.53,0.2,0.27,0.49,0.38,0.67,0.36,0.51,0.11,2.62,2,8,1,20,17,20
Myrmicinae,Crematogaster,ANT-1516,0.53,0.4,0.16,0.29,0.51,0.53,0.53,0.31,0.4,0.09,2.62,1,8,2,24,23,24
Myrmicinae,Crematogaster,ANT-737,0.78,0.64,0.2,0.33,0.96,0.67,0.84,0.42,0.6,0.16,3.38,1,42,2,24,23,24
Myrmicinae,Crematogaster,ANT-939,0.56,0.36,0.16,0.31,0.6,0.24,0.4,0.31,0.44,0.13,2.33,1,7,2,20,16,20
Myrmicinae,Cyphomyrmex,ANT-1428,0.58,0.56,0.33,0.27,0.67,0.38,0.78,0.38,0.44,0.11,2.42,1.5,0,0,21,20,21
Myrmicinae,Cyphomyrmex,ANT-199,0.82,0.8,0.22,0.49,1.29,0.71,1.13,0.49,0.56,0.18,3.18,2,2,4,1,24,1
Myrmicinae,Cyphomyrmex,ANT-1264,0.69,0.67,0.18,0.36,1.04,0.51,0.98,0.47,0.51,0.13,3.09,3,5,0,1,24,24
Myrmicinae,Cyphomyrmex,ANT-1455,0.8,0.76,0.27,0.49,1.33,0.84,1.18,0.49,0.62,0.16,3.53,2,0,4,21,19,20
Myrmicinae,Cyphomyrmex,ANT-1530,0.6,0.62,0.24,0.31,0.8,0.42,0.84,0.44,0.47,0.11,2.84,2,0,2,22,21,22
Myrmicinae,Cyphomyrmex,ANT-1131,0.64,0.62,0.2,0.31,0.8,0.44,0.87,0.44,0.51,0.09,2.8,2,0,0,22,21,22
Myrmicinae,Cyphomyrmex,ANT-241,0.69,0.67,0.18,0.38,0.98,0.56,1.02,0.49,0.56,0.16,2.91,2,0,6,8,20,8
Ectatomminae,Ectatomma,ANT-026,2.25,1.65,0.75,1.65,4,2.68,4.1,1.6,1.55,0.48,12.8,2,33,0,1,24,24
Ectatomminae,Ectatomma,ANT-1721,2.15,1.75,0.44,1.56,3.9,1.77,3.9,1.43,1.52,0.43,11.9,2,33,0,1,1,24
Ectatomminae,Ectatomma,ANT-934,2.1,1.75,0.5,1.45,4.1,2.76,4.05,1.5,1.45,0.6,12.5,2,31,0,1,1,24
Ectatomminae,Ectatomma,ANT-1327,2.05,1.75,0.5,1.55,3.45,2.25,3.75,1.48,1.35,0.6,11.85,2,18,0,1,1,1
Ectatomminae,Ectatomma,ANT-527,2.15,2.4,0.5,1.4,3.5,2.4,4.13,1.67,1.45,0.6,13.67,2,13,0,1,1,1
Ectatomminae,Ectatomma,ANT-546,2.25,2,0.5,1.75,3.67,2.4,4,1.75,1.5,0.65,13.1,2,21,0,1,1,1
Ectatomminae,Ectatomma,ANT-050,2.05,1.98,0.63,1.48,2.8,1.95,3.33,1.6,1.48,0.55,9.52,3,57,4,22,22,22
Ectatomminae,Ectatomma,ANT-085,1.73,1.58,0.5,1.25,2.48,1.73,2.73,1.3,1.2,0.48,7.68,3,46,4,23,23,23
Ectatomminae,Ectatomma,ANT-154,1.8,1.7,0.55,1.35,2.51,1.8,2.87,1.33,1.28,0.5,8.76,3,51,4,22,22,22
Ectatomminae,Ectatomma,ANT-265,1.85,1.75,0.55,1.3,2.49,1.78,2.93,1.43,1.3,0.5,7.88,3,50,4,23,23,23
Ectatomminae,Ectatomma,ANT-269,1.92,1.72,0.56,1.32,2.72,1.83,3.25,1.4,1.4,0.48,10.3,2,26,0,1,1,24
Ectatomminae,Ectatomma,ANT-292,1.87,1.77,0.43,1.27,2.8,1.37,3.1,1.45,1.27,0.44,10.7,2,44,0,1,1,24
Ectatomminae,Ectatomma,ANT-295,1.97,1.6,0.4,1.47,2.75,1.87,3.27,1.55,1.33,0.5,13,2,35,0,1,1,1
Ectatomminae,Gnamptogenys,ANT-285,1.27,1.2,0.4,0.78,1.42,0.96,1.93,0.96,1.02,0.4,6.24,3,57,0,1,1,24
Ectatomminae,Gnamptogenys,ANT-702,0.84,0.89,0.24,0.47,1.22,0.87,1.29,0.6,0.67,0.18,4.13,3,31,0,1,1,1
Ectatomminae,Gnamptogenys,ANT-279,0.98,1,0.27,0.51,1,0.69,1.51,0.76,0.76,0.2,5.04,3,70,0,1,24,24
Ectatomminae,Gnamptogenys,ANT-1292,1.16,1.07,0.36,0.69,1.62,1.2,1.89,0.76,0.91,0.22,5.98,3,78,0,1,1,1
Myrmicinae,Hylomyrma,ANT-699,1,0.93,0.24,0.6,0.98,0.76,1.22,0.62,0.84,0.16,4.31,2,165,2,22,21,8
Myrmicinae,Hylomyrma,ANT-1377,0.93,0.84,0.24,0.6,0.87,0.56,1.11,0.58,0.71,0.18,4.07,2.5,60,4,1,1,24
Myrmicinae,Hylomyrma,ANT-1648,0.49,0.82,0.38,0.56,0.84,0.56,1.13,0.56,0.76,0.13,4,2.5,114,4,22,22,21
Ponerinae,Hypoponera,ANT-221,0.53,0.69,0.18,0.29,0.58,0.31,0.82,0.4,0.4,0.02,2.53,1,198,0,1,1,1
Ponerinae,Hypoponera,ANT-1615,0.36,0.47,0.18,0.2,0.31,0.33,0.58,0.27,0.31,0.02,1.93,1,168,0,21,20,21
Ponerinae,Hypoponera,ANT-1255,0.67,0.73,0.16,0.38,0.73,0.58,1.11,0.51,0.6,0.04,3.73,2,270,0,1,1,1
Ponerinae,Hypoponera,ANT-305,0.69,0.69,0.16,0.4,0.73,0.53,1.09,0.44,0.36,0.07,3.38,1,195,0,1,1,24
Ponerinae,Hypoponera,ANT-1692,0.51,0.51,0.13,0.33,0.47,0.44,0.82,0.4,0.36,0.07,2.69,2,98,0,24,22,22
Ponerinae,Hypoponera,ANT-932,0.36,0.36,0.09,0.2,0.2,0.22,0.56,0.24,0.33,0.02,1.8,1,95,0,20,20,20
Ponerinae,Hypoponera,ANT-124,0.51,0.58,0.11,0.27,0.42,0.44,0.64,0.31,0.47,0.02,2.53,1,85,0,24,24,24
Dorylinae,Labidus,ANT-903,0.93,1.04,0.09,0.58,1.2,0.73,1.4,0.62,0.51,0.04,3.96,2,42,0,22,21,17
Myrmicinae,Lachnomyrmex,ANT-179,0.62,0.62,0.18,0.24,0.47,0.38,0.67,0.4,0.49,0.09,2.62,2.5,41,2,24,22,21
Myrmicinae,Lenomyrmex,ANT-191,0.82,0.76,0.51,0.49,0.84,0.62,1.22,0.64,0.67,0.16,4.38,1.5,0,3,1,1,24
Myrmicinae,Lenomyrmex,ANT-212,0.58,0.62,0.11,0.36,0.51,0.4,0.82,0.4,0.44,0.13,2.8,2,24,2,1,24,1
Ponerinae,Leptogenys,ANT-1323,1,1.2,0.33,0.8,1.66,1.33,2.26,0.83,0.67,0.29,7.26,1,112,1,21,22,20
Ponerinae,Leptogenys,ANT-935,0.56,0.42,0.2,0.36,0.93,0.71,1.24,0.47,0.49,0.11,4.53,1,93,0,1,1,1
Ponerinae,Mayaponera,ANT-1193,1.23,1.31,0.34,1,1.97,1.57,2.51,0.91,0.94,0.26,7.37,2,66,0,1,1,24
Myrmicinae,Megalomyrmex,ANT-1631,1.13,1.07,0.44,0.76,2.1,1.82,2,0.84,0.82,0.33,6.87,1,47,0,20,17,20
Myrmicinae,Megalomyrmex,ANT-1329,0.73,0.8,0.18,0.42,0.84,0.69,0.98,0.49,0.64,0.11,3.73,1,85,0,17,17,17
Myrmicinae,Megalomyrmex,ANT-426,0.76,0.8,0.2,0.4,0.8,0.73,1.07,0.49,0.64,0.09,3.82,1,76,0,17,17,20
Myrmicinae,Megalomyrmex,ANT-742,0.69,0.71,0.18,0.36,0.78,0.82,1,0.44,0.6,0.09,3.4,1,63,0,17,17,8
Myrmicinae,Megalomyrmex,ANT-1211,0.67,0.67,0.18,0.4,1.04,0.91,1.18,0.51,0.44,0.18,4.24,1,18,0,24,24,24
Myrmicinae,Megalomyrmex,ANT-1246,0.64,0.73,0.16,0.44,1.04,0.87,1.22,0.53,0.47,0.18,4.04,1,17,0,24,22,22
Myrmicinae,Myrmicocrypta,ANT-554,0.67,0.6,0.18,0.44,0.82,0.58,0.87,0.4,0.58,0.04,2.89,2,0,6,17,17,17
Myrmicinae,Myrmicocrypta,ANT-208,0.76,0.71,0.22,0.4,0.84,0.71,1,0.47,0.67,0.07,3.4,2,12,7,1,22,22
Myrmicinae,Myrmicocrypta,ANT-806,0.64,0.84,0.16,0.4,0.67,0.56,0.76,0.4,0.49,0.11,2.73,3,32,6,24,22,24
Myrmicinae,Myrmicocrypta,ANT-913,0.69,0.71,0.13,0.47,0.73,0.49,0.89,0.42,0.6,0.07,3.16,3,19,8,23,23,8
Myrmicinae,Neoponera,ANT-1192,1.8,1.77,0.57,1.2,2,1.77,3.03,0.97,1.27,0.5,7.23,2,165,0,1,1,1
Ponerinae,Neoponera,ANT-266,2.13,2.2,1,1.7,3.2,2.51,3.52,1.53,1.23,0.85,11.58,1,0,0,1,1,1
Ponerinae,Neoponera,ANT-281,1.95,1.95,0.6,1.65,3.1,2.25,3.5,1.4,1.15,0.75,10.9,2,0,0,1,1,1
Myrmicinae,Pogonomyrmex,ANT-205,1.6,1.67,0.67,1,2.27,1.4,2.07,1.03,1.27,0.2,7.53,2.5,95,2,1,1,22
Formicinae,Nylanderia,ANT-1029,0.44,0.51,0.16,0.27,0.62,0.44,0.56,0.31,0.4,0.09,1.84,1,25,0,8,17,8
Formicinae,Nylanderia,ANT-1044,0.51,0.51,0.18,0.31,0.84,0.76,0.78,0.36,0.36,0.11,2.49,1,20,0,1,1,1
Formicinae,Nylanderia,ANT-1125,0.62,0.76,0.18,0.29,1.11,1.07,1.02,0.47,0.44,0.16,3.16,1,20,0,17,17,20
Formicinae,Nylanderia,ANT-1290,0.58,0.6,0.22,0.31,0.87,0.87,1,0.44,0.4,0.13,2.8,1,29,0,21,17,21
Formicinae,Nylanderia,ANT-1361,0.44,0.47,0.16,0.29,0.64,0.64,0.67,0.29,0.31,0.11,1.78,1,8,0,17,17,8
Formicinae,Nylanderia,ANT-1415,0.4,0.24,0.18,0.27,0.24,0.47,0.31,0.29,0.33,0.09,1.56,1,10,0,17,17,8
Formicinae,Nylanderia,ANT-1487,0.44,0.53,0.16,0.27,0.53,0.53,0.89,0.33,0.33,0.11,1.93,1,11,0,17,17,8
Formicinae,Nylanderia,ANT-1498,0.47,0.49,0.2,0.29,0.56,0.49,0.82,0.36,0.33,0.11,2,1,15,0,17,17,17
Formicinae,Nylanderia,ANT-1409,0.51,0.56,0.16,0.33,0.82,0.67,1.02,0.38,0.56,0.11,2.51,1,23,3,17,17,23
Formicinae,Nylanderia,ANT-1104,0.62,0.64,0.2,0.38,0.91,0.91,0.98,0.44,0.4,0.13,2.8,1,49,0,8,17,8
Formicinae,Nylanderia,ANT-646,0.62,0.73,0.2,0.38,0.96,0.78,0.96,0.47,0.44,0.13,2.98,1,48,0,8,8,23
Formicinae,Nylanderia,ANT-666,0.56,0.69,0.18,0.36,0.91,0.8,0.96,0.44,0.4,0.13,3.09,1,34,0,8,8,8
Myrmicinae,Octostruma,ANT-1467,0.56,0.47,0.16,0.16,0.36,0.27,0.56,0.33,0.38,0.04,2.11,2,0,2,22,22,22
Myrmicinae,Octostruma,ANT-181,0.53,0.5,0.18,0.2,0.35,0.28,0.55,0.33,0.48,0.05,1.93,3,0,2,21,21,22
Myrmicinae,Octostruma,ANT-187,0.53,0.5,0.18,0.18,0.38,0.28,0.55,0.35,0.48,0.05,2.05,3,0,2,21,21,21
Myrmicinae,Octostruma,ANT-213,0.5,0.5,0.18,0.18,0.35,0.28,0.53,0.33,0.45,0.05,2,3,0,2,21,21,21
Myrmicinae,Octostruma,ANT-217,0.5,0.5,0.18,0.18,0.35,0.25,0.53,0.33,0.45,0.05,2,3,0,2,21,21,21
Myrmicinae,Octostruma,ANT-229,0.56,0.49,0.18,0.22,0.44,0.31,0.67,0.4,0.4,0.09,2.51,2,2,2,23,23,22
Myrmicinae,Octostruma,ANT-1066,0.56,0.47,0.16,0.18,0.58,0.29,0.56,0.33,0.47,0.04,2.18,2,3,2,23,21,21
Ponerinae,Odontomachus,ANT-027,2.14,2.74,0.5,1.75,2.89,2.71,3.2,1.28,1.35,0.5,10.6,1,10,1,1,1,1
Ponerinae,Odontomachus,ANT-1656,2.4,3,1,1.8,3.33,2.8,4,1.4,1.77,0.43,12.73,2,86,1,1,1,1
Ponerinae,Odontomachus,ANT-462,2,2.48,0.8,1.44,2.35,2.2,2.75,1.2,1.44,0.35,10.2,2,8,1,1,24,24
Ponerinae,Odontomachus,ANT-581,1.95,2.5,0.5,1.4,2.52,2.2,3,1.13,1.4,0.33,10.13,2,3,1,1,1,1
Ponerinae,Odontomachus,ANT-628,1.63,2.1,0.83,1.23,1.73,1.8,2.83,1,1.23,0.29,8.68,2,8,1,1,24,24
Ponerinae,Odontomachus,ANT-832,2.3,2.8,0.95,1.7,3.2,2.8,3.5,1.3,1.75,0.37,12.1,2,141,1,1,1,1
Ponerinae,Odontomachus,ANT-835,2.28,2.68,0.96,1.72,3.13,2.73,3.25,1.25,1.52,0.48,11.8,2,127,1,1,1,1
Ponerinae,Pachycondyla,ANT-1504,2.6,2.5,0.6,2.15,2.75,2.3,3.9,1.8,2,0.55,14.9,2,198,0,1,1,1
Ponerinae,Pachycondyla,ANT-018,1.6,1.63,0.33,1.1,1.63,1.33,2.48,1.18,1.28,0.3,7.55,1,49,0,1,1,1
Ponerinae,Pachycondyla,ANT-057,1.58,1.58,0.3,1.08,1.45,1.25,2.23,1.15,1.28,0.28,6.85,1,66,0,1,1,1
Ponerinae,Pachycondyla,ANT-1182,1.63,1.37,0.23,1.07,1.47,1.33,2.5,1.23,1.3,0.3,9.33,2,125,0,1,1,1
Ponerinae,Pachycondyla,ANT-1307,0.96,1.22,0.49,0.73,2.43,1.8,2.7,0.8,0.56,0.38,4.23,2,50,4,1,1,23
Ponerinae,Pachycondyla,ANT-1466,1.9,1.83,0.43,1.5,1.8,1.33,3,1.4,1.67,0.2,10.03,2,200,0,1,1,1
Ponerinae,Pachycondyla,ANT-1639,2.85,2.45,0.75,2.25,2.6,2.5,4.35,2.1,2.35,0.55,15.65,2,240,0,1,1,1
Myrmicinae,Pheidole,ANT-1342,0.89,0.67,0.2,0.33,1.31,1.02,1.24,0.58,0.73,0.16,3.73,1.5,65,2,20,20,17
Myrmicinae,Pheidole,ANT-015,0.78,0.67,0.24,0.56,1.31,1.04,1.22,0.47,0.67,0.13,3.49,1,30,2,20,20,19
Myrmicinae,Pheidole,ANT-355,1.53,1.29,0.4,0.76,1,0.67,1.29,0.76,1.38,0.13,4.93,1.5,88,2,24,22,22
Myrmicinae,Pheidole,ANT-1276,0.89,0.64,0.22,0.47,1.27,0.64,1.02,0.51,0.73,0.09,3.31,2,25,2,1,1,1
Myrmicinae,Pheidole,ANT-383,0.73,0.49,0.29,0.27,0.78,0.56,0.89,0.44,0.64,0.13,2.87,1,20,2,24,24,1
Myrmicinae,Megalomyrmex,ANT-1658,0.53,0.4,0.18,0.29,0.49,0.4,0.69,0.36,0.44,0.11,2.44,1,20,0,24,24,24
Myrmicinae,Pheidole,ANT-470,0.53,0.51,0.16,0.33,0.69,0.53,0.69,0.33,0.42,0.11,2.27,1.5,0,2,1,1,23
Myrmicinae,Pheidole,ANT-496,0.84,0.8,0.18,0.62,0.89,0.87,1.09,0.53,0.71,0.13,3.27,2,108,2,22,21,22
Myrmicinae,Pheidole,ANT-1059,0.51,0.33,0.13,0.31,0.62,0.53,0.64,0.31,0.42,0.09,1.91,2,12,0,24,22,24
Myrmicinae,Pheidole,ANT-1295,0.64,0.58,0.18,0.42,0.73,0.73,0.84,0.4,0.31,0.11,2.78,1,40,0,24,23,23
Myrmicinae,Pheidole,ANT-1324,0.67,0.51,0.22,0.42,0.71,0.47,0.82,0.6,0.51,0.13,2.49,1,40,0,24,24,23
Myrmicinae,Pheidole,ANT-010,0.6,0.56,0.18,0.42,0.78,0.64,0.93,0.4,0.44,0.16,2.84,1.5,60,0,24,8,23
Myrmicinae,Megalomyrmex,ANT-1543,0.51,0.47,0.16,0.33,0.69,0.73,0.76,0.38,0.33,0.16,2.82,1,25,0,17,17,17
Myrmicinae,Pheidole,ANT-425,0.53,0.62,0.18,0.36,1.04,1.02,0.89,0.36,0.4,0.13,2.6,1.5,33,0,24,24,23
Myrmicinae,Pheidole,ANT-454,0.64,0.6,0.24,0.42,1.31,1.2,1.11,0.42,0.51,0.16,3.09,1.5,24,2,24,24,23
Myrmicinae,Pheidole,ANT-1568,0.6,0.6,0.11,0.33,0.6,0.53,0.82,0.42,0.44,0.02,2.69,2,16,0,24,24,24
Myrmicinae,Stenamma,ANT-1655,0.62,0.49,0.11,0.33,0.6,0.33,0.84,0.64,0.47,0.09,2.69,2,33,0,24,24,22
Myrmicinae,Pheidole,ANT-167,0.8,0.53,0.2,0.33,0.89,0.76,1.07,0.53,0.6,0.16,3.13,3,25,0,23,23,23
Myrmicinae,Pheidole,ANT-311,0.56,0.53,0.13,0.29,0.6,0.56,0.67,0.31,0.44,0.09,2.13,1.5,10,2,20,17,20
Myrmicinae,Pheidole,ANT-110,0.51,0.44,0.22,0.29,0.64,0.47,0.64,0.31,0.38,0.11,1.98,2,14,0,22,22,22
Myrmicinae,Pheidole,ANT-1265,0.49,0.42,0.16,0.29,0.42,0.44,0.56,0.31,0.38,0.11,1.87,1.5,17,2,24,24,24
Myrmicinae,Pheidole,ANT-1590,0.42,0.4,0.18,0.22,0.38,0.33,0.44,0.24,0.36,0.07,1.53,2,22,2,17,17,20
Myrmicinae,Pheidole,ANT-1075,0.42,0.47,0.16,0.18,0.38,0.36,0.56,0.27,0.36,0.13,1.98,1,15,0,1,1,1
Myrmicinae,Pheidole,ANT-865,0.71,0.62,0.22,0.44,1.18,1.07,1.11,0.44,0.56,0.11,3.18,1,65,2,17,17,20
Myrmicinae,Pheidole,ANT-1522,0.49,0.4,0.13,0.24,0.4,0.29,0.56,0.29,0.4,0.09,1.89,1.5,20,2,24,24,24
Myrmicinae,Pheidole,ANT-1155,0.49,0.38,0.16,0.27,0.4,0.29,0.53,0.29,0.4,0.09,1.8,1.5,12,2,24,24,24
Myrmicinae,Pheidole,ANT-1067,0.49,0.47,0.16,0.31,0.44,0.4,0.58,0.31,0.4,0.09,2.07,1.5,14,2,23,23,21
Myrmicinae,Megalomyrmex,ANT-166,0.62,0.44,0.13,0.31,0.67,0.58,1.07,0.56,0.49,0.18,3.31,1,27,0,1,1,1
Myrmicinae,Pheidole,ANT-1039,0.4,0.38,0.13,0.24,0.24,0.31,0.38,0.24,0.36,0.04,1.36,2,18,0,21,21,21
Myrmicinae,Pheidole,ANT-1143,0.42,0.42,0.11,0.24,0.33,0.31,0.38,0.24,0.38,0.07,1.73,2,10,2,17,17,17
Myrmicinae,Pheidole,ANT-1396,0.49,0.44,0.22,0.29,0.51,0.47,0.6,0.31,0.42,0.09,1.98,2,30,2,17,17,17
Myrmicinae,Pheidole,ANT-755,0.47,0.47,0.13,0.31,0.64,0.64,0.64,0.29,0.42,0.09,2.04,1.5,25,0,17,17,17
Myrmicinae,Pheidole,ANT-844,0.38,0.38,0.13,0.22,0.38,0.36,0.4,0.2,0.33,0.09,1.49,1,30,0,17,17,17
Myrmicinae,Pheidole,ANT-1384,0.42,0.38,0.13,0.27,0.22,0.31,0.49,0.24,0.36,0.07,1.71,2,11,2,17,17,21
Myrmicinae,Pheidole,ANT-980,0.78,0.67,0.13,0.44,1.2,0.98,1.04,0.47,0.58,0.16,3.29,1,40,2,20,20,20
Myrmicinae,Pheidole,ANT-006,0.51,0.49,0.16,0.36,0.47,0.42,0.58,0.49,0.44,0.07,2.07,1,10,2,17,17,17
Myrmicinae,Pheidole,ANT-540,0.4,0.4,0.11,0.2,0.24,0.29,0.44,0.22,0.33,0.09,1.67,1.5,13,2,17,17,17
Myrmicinae,Pheidole,ANT-953,0.4,0.36,0.11,0.22,0.33,0.36,0.47,0.24,0.36,0.04,1.58,1,11,0,20,20,21
Myrmicinae,Pheidole,ANT-1314,0.53,0.51,0.18,0.24,0.42,0.4,0.6,0.31,0.47,0.11,2.2,1,9,2,17,17,17
Myrmicinae,Pheidole,ANT-245,0.38,0.38,0.13,0.24,0.29,0.31,0.42,0.22,0.33,0.07,1.42,1,9,0,17,17,17
Myrmicinae,Pheidole,ANT-393,0.64,0.58,0.24,0.4,0.76,0.73,0.87,0.42,0.58,0.09,2.6,1,30,2,19,19,19
Myrmicinae,Megalomyrmex,ANT-1471,0.53,0.51,0.27,0.33,0.64,0.76,0.8,0.38,0.31,0.18,2.73,1,20,0,20,20,20
Myrmicinae,Megalomyrmex,ANT-754,0.47,0.58,0.16,0.24,0.53,0.51,0.87,0.33,0.36,0.11,2.98,1,11,0,17,17,22
Myrmicinae,Pheidole,ANT-798,0.64,0.56,0.18,0.42,0.69,0.56,0.78,0.38,0.53,0.09,2.4,1,27,0,1,1,23
Myrmicinae,Pheidole,ANT-1343,0.62,0.56,0.16,0.4,0.64,0.56,0.78,0.38,0.53,0.11,2.33,1,26,0,24,23,8
Myrmicinae,Pheidole,ANT-1007,0.49,0.33,0.13,0.31,0.6,0.53,0.67,0.29,0.38,0.09,2.16,2,12,0,24,23,23
Myrmicinae,Pheidole,ANT-973,0.8,0.76,0.24,0.51,1.22,1.04,1.13,0.49,0.6,0.18,3.49,1,68,2,20,20,23
Myrmicinae,Pheidole,ANT-009,0.8,0.6,0.24,0.44,0.96,3,1.04,0.51,0.6,0.16,3.18,2,75,2,20,20,20
Myrmicinae,Pheidole,ANT-856,0.76,0.71,0.24,0.53,1.2,0.89,1.11,0.47,0.6,0.13,3.33,1.5,64,2,21,21,21
Myrmicinae,Pheidole,ANT-1330,0.58,0.53,0.16,0.36,1,0.98,0.89,0.4,0.44,0.16,3,1.5,30,0,19,19,19
Amblyoponinae,Prionopelta,ANT-1133,0.51,0.53,0.13,0.29,0.33,0.33,0.71,0.36,0.47,0.02,2.4,1.5,135,0,19,19,19
Amblyoponinae,Prionopelta,ANT-1378,0.53,0.55,0.11,0.22,0.24,0.33,0.7,0.29,0.48,0.02,2.07,1,32,0,21,17,20
Ponerinae,Pseudoponera,ANT-1620,0.85,0.95,0.29,0.55,0.8,0.6,1.25,0.65,0.75,0.1,4.3,1,180,0,23,21,20
Ponerinae,Rasopone,ANT-1621,1.15,1.1,0.2,0.87,1.13,1,1.87,1,0.83,0.23,7,2,105,0,1,1,24
Ponerinae,Rasopone,ANT-960,1.1,1.2,0.23,0.9,1.13,0.93,1.8,0.87,0.87,0.23,6.3,2,105,0,1,1,24
Myrmicinae,Rhopalothrix,ANT-147,0.53,0.48,0.15,0.15,0.35,0.28,0.55,0.33,0.48,0.05,2,3,0,2,21,21,21
Myrmicinae,Rogeria,ANT-077,0.62,0.56,0.27,0.35,0.56,0.36,0.82,0.49,0.42,0.16,2.96,2,98,2,1,22,1
Myrmicinae,Rogeria,ANT-097,0.42,0.56,0.07,0.29,0.4,0.33,0.53,0.33,0.4,0.07,2.04,2,32,1,22,22,21
Myrmicinae,Rogeria,ANT-1178,0.38,0.42,0.07,0.22,0.38,0.24,0.42,0.29,0.33,0.04,1.69,2,0,2,22,22,20
Myrmicinae,Rogeria,ANT-126,0.47,0.53,0.07,0.24,0.38,0.31,0.53,0.36,0.4,0.07,2.04,2,33,1,22,20,21
Myrmicinae,Rogeria,ANT-1597,0.44,0.4,0.04,0.24,0.29,0.27,0.47,0.27,0.31,0.04,1.98,1,22,1,1,1,24
Myrmicinae,Rogeria,ANT-186,0.58,0.53,0.07,0.36,0.33,0.33,0.53,0.4,0.49,0.07,2.13,2,15,1,1,1,24
Myrmicinae,Sericomyrmex,ANT-1071,1.18,1.09,0.22,0.6,1.22,0.78,1.4,0.78,0.98,0.18,4.62,2,188,0,24,22,22
Myrmicinae,Sericomyrmex,ANT-282,0.96,0.78,0.27,0.51,1.11,0.6,1.11,0.64,0.69,0.16,3.78,2,150,0,8,8,24
Myrmicinae,Sericomyrmex,ANT-585,0.84,0.84,0.16,0.47,0.73,0.47,0.82,0.56,0.64,0.13,3.18,2,135,0,24,8,8
Myrmicinae,Solenopsis,ANT-1344,0.73,0.78,0.27,0.44,0.76,0.69,1,0.47,0.62,0.13,3.71,1,56,0,22,20,20
Myrmicinae,Solenopsis,ANT-1345,0.42,0.49,0.18,0.18,0.31,0.18,0.58,0.29,0.4,0.04,2.36,1,29,0,24,24,1
Myrmicinae,Solenopsis,ANT-238,0.33,0.38,0.13,0.18,0.24,0.2,0.47,0.22,0.29,0.07,1.6,1,10,0,24,24,24
Myrmicinae,Solenopsis,ANT-1016,0.31,0.33,0.09,0.18,0.2,0.18,0.36,0.2,0.27,0.02,1.4,1,19,0,20,20,20
Myrmicinae,Solenopsis,ANT-206,0.33,0.4,0.09,0.2,0.29,0.2,0.44,0.22,0.31,0.04,1.62,1,22,0,20,20,22
Myrmicinae,Solenopsis,ANT-223,0.42,0.47,0.16,0.24,0.31,0.31,0.53,0.27,0.38,0.02,2.09,1.5,40,0,19,19,19
Myrmicinae,Solenopsis,ANT-473,0.31,0.38,0.18,0.16,0.31,0.22,0.44,0.2,0.27,0.02,1.42,1,18,0,17,17,23
Myrmicinae,Solenopsis,ANT-991,0.33,0.33,0.09,0.2,0.24,0.24,0.38,0.2,0.29,0.02,1.4,1,8,0,17,20,20
Myrmicinae,Solenopsis,ANT-1226,0.42,0.49,0.18,0.2,0.31,0.29,0.56,0.29,0.4,0.04,2.18,1,21,0,20,20,24
Myrmicinae,Strumigenys,ANT-1571,0.69,0.62,0.09,0.27,0.67,0.42,0.78,0.36,0.47,0.04,2.91,1.5,10,2,21,20,20
Myrmicinae,Strumigenys,ANT-058,0.51,0.56,0.18,0.33,0.44,0.42,0.64,0.33,0.31,0.04,2.58,2,0,0,21,21,20
Myrmicinae,Strumigenys,ANT-764,0.36,0.33,0.13,0.2,0.31,0.18,0.49,0.29,0.22,0.07,1.78,2,7,0,20,20,17
Myrmicinae,Strumigenys,ANT-172,0.33,0.4,0.13,0.22,0.27,0.2,0.44,0.2,0.2,0.02,1.71,1,2,1,20,17,17
Myrmicinae,Strumigenys,ANT-510,0.31,0.29,0.16,0.13,0.24,0.13,0.27,0.22,0.2,0.02,1.2,1.5,3,2,20,17,17
Myrmicinae,Strumigenys,ANT-599,0.53,0.82,0.13,0.62,0.58,0.4,0.73,0.38,0.38,0.07,3.42,1,13,2,22,21,22
Myrmicinae,Strumigenys,ANT-251,0.51,0.47,0.13,0.29,0.29,0.33,0.73,0.42,0.33,0.07,2.44,2,23,2,23,23,24
Myrmicinae,Trachymyrmex,ANT-784,0.73,0.67,0.22,0.47,0.89,0.62,1,0.44,0.56,0.13,3.16,2,32,16,20,20,20
Myrmicinae,Trachymyrmex,ANT-1210,1.33,1.16,0.2,0.71,1.8,0.82,1.67,0.89,1.07,0.16,5.64,3,16,1,1,1,1
Myrmicinae,Trachymyrmex,ANT-548,1.53,1.22,0.56,0.87,2.07,1.11,1.78,0.89,1.31,0.22,5.73,2,41,6,8,8,24
Myrmicinae,Trachymyrmex,ANT-542,0.67,0.82,0.18,0.44,0.73,0.44,0.84,0.4,0.51,0.13,2.84,2,0,10,21,21,22
Myrmicinae,Tranopelta,ANT-931,0.49,0.38,0.16,0.33,0.33,0.27,0.58,0.33,0.47,0.02,2,1.5,44,0,16,16,16
Myrmicinae,Wasmannia,ANT-011,0.45,0.45,0.18,0.23,0.38,0.38,0.48,0.25,0.35,0.1,1.85,3,8,2,24,24,24
Myrmicinae,Wasmannia,ANT-1271,0.44,0.44,0.13,0.22,0.49,0.29,0.51,0.29,0.36,0.11,1.98,2,7,2,8,19,20
Myrmicinae,Wasmannia,ANT-1682,0.44,0.44,0.13,0.2,0.4,0.24,0.49,0.27,0.38,0.11,1.87,2,11,2,20,20,19
Myrmicinae,Wasmannia,ANT-1716,0.42,0.4,0.13,0.2,0.33,0.31,0.44,0.27,0.36,0.07,1.71,2,10,2,20,20,17
Myrmicinae,Wasmannia,ANT-1112,0.44,0.33,0.13,0.18,0.42,0.36,0.49,0.29,0.36,0.07,1.73,2,8,0,17,17,17
Myrmicinae,Wasmannia,ANT-575,0.47,0.44,0.16,0.22,0.42,0.33,0.51,0.27,0.38,0.09,1.96,2,10,2,21,20,17
Myrmicinae,Wasmannia,ANT-1591,0.44,0.44,0.13,0.22,0.4,0.31,0.49,0.29,0.33,0.09,1.89,2,9,2,20,20,17