Trap,group,population,Anochetus,Apterostigma,Carebara,Crematogaster,Cyphomyrmex,Gnamptogenys,Hylomyrma,Hypoponera,Myrmicocrypta,Octostruma,Pheidole,Rogeria,Sericomyrmex,Solenopsis,Strumigenys,Trachymyrmex,Wasmannia
Winkler,leaf,c_colon,0,0,9,0,0,0,0,0,4,2,15,3,0,1,2,0,31
Winkler,leaf,c_colon,0,0,0,0,0,0,1,0,0,3,14,0,0,0,1,0,1
Winkler,leaf,c_colon,0,0,0,0,0,1,0,0,0,1,10,1,0,4,1,0,0
Winkler,leaf,c_colon,0,0,0,0,0,0,0,1,0,1,1,0,0,4,0,0,49
Winkler,leaf,c_colon,0,0,0,0,0,0,0,3,0,1,2,0,0,5,0,0,24
Winkler,leaf,c_colon,0,0,0,0,0,0,0,0,0,1,3,0,0,7,1,0,0
Winkler,leaf,c_colon,0,0,0,0,0,0,0,0,0,0,0,0,0,3,0,0,47
Winkler,leaf,c_colon,0,0,0,0,14,0,0,0,0,1,0,0,0,3,0,0,6
Winkler,leaf,c_colon,0,0,0,0,0,1,0,0,0,0,16,0,0,3,0,0,0
Winkler,leaf,c_colon,0,0,0,0,9,0,1,0,0,0,7,0,0,61,0,0,0
Winkler,leaf,c_colon,0,0,0,1,2,0,0,0,0,0,0,0,0,0,0,0,0
Winkler,leaf,c_colon,0,0,0,0,0,0,0,1,0,1,8,0,0,0,0,0,38
Winkler,leaf,c_colon,0,0,0,0,1,1,0,1,0,0,17,0,0,3,0,0,12
Winkler,leaf,c_colon,0,0,0,0,2,0,0,1,0,1,6,0,0,3,0,0,1
Winkler,leaf,c_colon,0,0,3,0,0,0,0,0,0,2,18,0,0,3,1,0,45
Winkler,leaf,c_colon,0,0,0,0,0,0,0,0,0,0,10,0,0,3,0,0,15
Winkler,leaf,c_colon,0,0,0,0,0,0,1,0,0,0,9,0,0,5,0,0,4
Winkler,leaf,c_colon,0,0,0,0,0,0,0,0,0,0,4,2,0,0,0,0,6
Winkler,leaf,c_colon,0,0,0,0,0,0,0,3,0,0,2,0,0,0,0,0,8
Winkler,leaf,c_colon,0,0,0,0,0,0,0,2,0,0,11,0,0,3,0,0,4
Pitfall,leaf,ceiba,0,0,0,0,1,0,0,0,0,0,3,0,0,0,0,0,0
Pitfall,leaf,ceiba,0,0,0,0,0,0,0,0,0,0,0,0,0,3,0,1,4
Pitfall,leaf,ceiba,0,0,2,0,0,0,0,0,0,0,1,0,0,0,0,0,0
Pitfall,leaf,ceiba,0,0,0,1,0,0,0,0,0,0,2,0,0,0,0,0,0
Pitfall,leaf,ceiba,1,0,3,0,0,0,0,0,0,0,4,0,0,1,0,0,0
Pitfall,leaf,ceiba,0,0,1,0,0,0,0,0,0,0,0,0,0,0,0,0,0
Pitfall,leaf,ceiba,0,0,0,0,0,0,0,0,0,0,4,0,0,0,0,0,0
Pitfall,leaf,ceiba,0,0,0,0,0,0,0,0,0,0,0,0,0,0,0,0,1
Pitfall,leaf,ceiba,0,0,0,0,0,0,0,0,0,0,1,0,0,0,0,0,0
Pitfall,leaf,ceiba,0,0,0,0,0,0,0,0,0,0,2,0,0,0,0,0,0
Pitfall,leaf,ceiba,0,0,0,0,0,0,0,0,0,0,4,0,0,0,0,0,0
Pitfall,leaf,ceiba,0,0,0,0,0,0,0,0,0,0,1,0,0,1,0,0,0
Pitfall,leaf,ceiba,0,0,0,0,0,0,0,0,0,0,10,0,7,0,0,0,0
Pitfall,leaf,ceiba,0,0,0,0,0,0,0,0,0,0,1,0,0,0,0,0,1
Pitfall,leaf,ceiba,0,0,0,0,0,0,0,0,0,0,1,0,0,0,0,0,0
Pitfall,leaf,la_mana,0,0,0,0,0,2,0,0,0,0,0,0,0,0,0,0,0
Pitfall,leaf,la_mana,0,0,0,0,0,1,0,0,0,0,0,0,0,0,0,0,0
Pitfall,leaf,la_mana,0,0,3,0,0,0,0,0,0,0,0,0,0,0,0,0,0
Pitfall,leaf,la_mana,0,0,0,0,0,3,0,0,0,0,0,0,0,0,0,0,0
Pitfall,leaf,la_mana,0,0,0,0,0,0,0,0,0,0,0,0,2,0,0,0,0
Winkler,leaf,la_mana,0,0,3,0,0,0,0,1,0,0,0,0,0,1,1,0,0
Winkler,leaf,la_mana,0,0,0,0,0,0,0,0,0,3,26,1,0,10,0,0,38
Winkler,leaf,la_mana,0,0,0,0,0,0,0,1,0,0,1,0,0,0,0,0,2
Winkler,leaf,la_mana,0,9,0,0,0,0,0,0,0,0,6,0,0,2,1,0,0
Winkler,leaf,la_mana,0,0,0,0,6,1,0,0,0,2,3,0,0,0,0,0,1
Winkler,leaf,la_mana,0,0,0,0,1,0,0,0,0,0,2,0,0,5,0,0,2
Winkler,leaf,la_mana,0,0,0,0,0,0,0,1,0,0,1,0,3,0,0,0,0
Winkler,leaf,la_mana,0,8,0,0,0,0,0,0,0,0,4,0,0,0,0,0,0
Winkler,leaf,la_mana,0,0,1,1,0,1,0,0,0,0,6,0,0,11,4,0,0
Winkler,leaf,la_mana,0,0,0,0,0,0,0,1,0,0,6,0,0,2,0,0,0
Winkler,leaf,la_mana,0,0,0,1,0,4,0,2,0,1,12,1,0,0,1,0,0
Winkler,leaf,la_mana,0,0,0,0,0,0,0,0,0,0,10,0,0,0,0,0,0
Winkler,leaf,la_mana,0,0,1,0,0,0,0,0,0,0,0,0,0,4,0,0,2
Winkler,leaf,la_mana,0,0,1,0,1,2,0,0,0,0,1,0,0,9,2,0,2
Winkler,leaf,la_mana,0,0,0,0,0,0,0,0,0,1,2,0,0,4,2,0,1
Winkler,leaf,la_mana,0,0,0,0,0,1,0,0,0,0,0,8,0,5,1,0,1
Winkler,leaf,la_mana,0,0,0,0,0,2,0,0,0,3,11,1,0,3,0,0,0
Winkler,leaf,la_mana,0,1,0,0,0,1,0,0,0,0,3,0,0,15,1,0,17
Winkler,leaf,p_quito,0,0,0,0,0,0,0,0,0,0,4,6,0,4,6,0,113
Winkler,leaf,p_quito,0,0,0,0,0,0,0,0,0,0,14,0,0,3,3,0,7
Winkler,leaf,p_quito,0,0,0,0,0,0,0,0,0,0,4,0,0,10,2,0,0
Winkler,leaf,p_quito,0,0,0,0,1,0,0,4,0,0,0,2,0,9,0,0,0
Winkler,leaf,p_quito,0,0,0,0,0,0,0,0,0,0,1,3,0,3,2,0,0
Winkler,leaf,p_quito,0,0,0,0,0,1,0,1,0,4,12,2,0,4,1,0,0
Winkler,leaf,p_quito,0,0,0,0,0,0,0,1,0,0,6,0,0,5,1,0,0
Winkler,leaf,p_quito,0,4,0,0,0,0,0,1,0,5,13,1,0,6,2,0,1
Winkler,leaf,p_quito,0,0,0,0,0,0,0,2,0,2,4,1,0,1,4,0,67
Winkler,leaf,p_quito,0,0,0,0,0,0,0,1,0,1,3,0,0,4,1,0,3
Winkler,leaf,p_quito,0,0,0,0,2,0,0,1,0,1,8,0,0,1,0,0,1
Winkler,leaf,p_quito,0,0,0,0,0,0,0,5,0,1,5,0,0,10,7,0,10
Winkler,leaf,p_quito,0,1,19,0,0,0,0,3,0,1,39,3,0,0,6,0,74
Winkler,leaf,p_quito,0,0,0,0,0,0,0,0,0,0,1,1,0,5,15,0,2
Winkler,leaf,p_quito,0,0,0,0,0,0,0,1,0,1,19,0,0,16,6,0,0
Winkler,leaf,p_quito,0,0,0,0,0,0,0,0,0,1,12,1,0,12,5,0,1
Winkler,leaf,p_quito,0,0,0,0,0,0,0,0,0,3,5,0,0,6,0,0,12
Winkler,leaf,p_quito,0,0,0,0,0,0,0,11,0,2,7,0,0,1,2,0,9
Pitfall,leaf,s_domingo,0,0,0,0,0,0,0,0,0,0,4,0,0,0,0,0,0
Pitfall,leaf,s_domingo,0,0,0,0,0,0,0,0,0,0,8,0,1,0,0,0,0
Pitfall,leaf,s_domingo,0,0,0,0,0,0,0,0,0,0,4,0,0,0,0,0,0
Pitfall,leaf,s_domingo,0,0,0,0,0,0,0,0,0,0,3,0,0,0,0,0,2
Pitfall,leaf,s_domingo,0,0,1,0,0,0,0,0,0,0,0,0,0,0,0,0,0
Pitfall,leaf,s_domingo,0,0,0,0,1,0,0,0,0,0,2,0,1,0,0,0,0
Pitfall,leaf,s_domingo,0,0,0,0,0,1,0,0,0,0,25,0,0,0,0,0,3
Pitfall,leaf,s_domingo,0,0,0,0,0,0,0,0,0,0,3,0,0,0,0,0,0
Pitfall,leaf,s_domingo,0,0,0,0,0,0,0,0,0,0,2,0,0,0,0,0,0
Pitfall,leaf,s_domingo,0,1,0,0,1,0,0,0,0,0,6,0,0,0,0,0,0
Pitfall,leaf,s_domingo,0,0,0,0,0,0,0,0,0,0,4,0,0,0,0,0,0
Pitfall,leaf,s_domingo,0,2,0,0,0,0,0,0,0,0,0,0,0,0,0,0,0
Pitfall,leaf,s_domingo,0,0,0,0,0,0,0,0,0,0,3,0,0,0,0,0,0
Pitfall,leaf,s_domingo,0,0,0,0,0,0,0,0,0,0,3,0,0,0,0,0,0
Pitfall,leaf,s_domingo,0,0,0,0,0,0,0,0,0,0,1,0,0,1,0,0,0
Pitfall,leaf,s_domingo,0,0,0,0,0,0,0,0,0,0,1,0,0,0,0,0,0
Winkler,leaf,s_domingo,0,0,0,0,0,0,0,3,0,0,45,4,0,5,0,0,0
Winkler,leaf,s_domingo,0,0,0,0,1,0,1,0,0,7,140,0,0,15,0,0,0
Winkler,leaf,s_domingo,0,0,135,0,0,0,0,4,0,2,7,2,4,8,2,0,4
Winkler,leaf,s_domingo,0,0,9,2,0,0,0,0,4,2,16,0,0,12,0,0,0
Winkler,leaf,s_domingo,0,1,0,0,1,0,0,1,0,3,3,0,0,16,0,0,0
Winkler,leaf,s_domingo,0,0,0,0,1,0,0,0,0,0,13,0,0,15,0,0,0
Winkler,leaf,s_domingo,2,0,0,0,5,0,0,1,0,0,3,0,0,10,3,0,0
Winkler,leaf,s_domingo,0,0,0,0,0,0,0,3,0,0,31,1,0,12,1,0,0
Winkler,leaf,s_domingo,0,0,0,0,4,0,0,2,0,0,7,1,0,40,3,0,0
Winkler,leaf,s_domingo,3,0,0,0,8,0,0,0,0,2,267,0,0,26,1,0,0
Winkler,leaf,s_domingo,0,6,0,0,1,0,0,0,0,1,20,0,0,5,0,0,0
Winkler,leaf,s_domingo,0,15,0,0,0,0,0,0,0,0,13,0,0,6,0,0,0
Winkler,leaf,s_domingo,3,0,0,0,0,1,0,2,0,5,11,0,0,16,0,0,0
Winkler,leaf,s_domingo,2,4,0,2,0,0,0,1,0,2,22,3,0,7,0,0,0
Winkler,leaf,s_domingo,0,16,4,2,0,0,0,0,0,2,42,1,0,0,0,0,0
Winkler,leaf,s_domingo,2,0,2,1,0,0,0,2,0,0,41,0,1,14,0,0,0
Winkler,leaf,s_domingo,1,19,4,0,2,0,0,2,0,1,21,1,0,11,4,0,0
Winkler,leaf,s_domingo,3,0,1,0,0,0,0,0,0,1,21,3,0,8,7,0,0
Winkler,leaf,s_domingo,0,0,0,0,1,0,0,0,0,3,0,0,0,27,0,0,0
Pitfall,leaf,H_infraguttatus,0,0,0,0,0,2,0,0,0,0,0,0,0,0,0,0,0
Pitfall,leaf,H_infraguttatus,0,0,0,0,0,1,0,0,0,0,0,0,0,0,0,0,0
Pitfall,leaf,H_infraguttatus,0,0,3,0,0,0,0,0,0,0,0,0,0,0,0,0,0
Pitfall,leaf,H_infraguttatus,0,0,0,0,0,3,0,0,0,0,0,0,0,0,0,0,0
Pitfall,leaf,H_infraguttatus,0,0,0,0,0,0,0,0,0,0,0,0,2,0,0,0,0
Winkler,leaf,H_infraguttatus,0,0,3,0,0,0,0,1,0,0,0,0,0,1,1,0,0
Winkler,leaf,H_infraguttatus,0,0,0,0,0,0,0,0,0,3,26,1,0,10,0,0,38
Winkler,leaf,H_infraguttatus,0,0,0,0,0,0,0,1,0,0,1,0,0,0,0,0,2
Winkler,leaf,H_infraguttatus,0,9,0,0,0,0,0,0,0,0,6,0,0,2,1,0,0
Winkler,leaf,H_infraguttatus,0,0,0,0,6,1,0,0,0,2,3,0,0,0,0,0,1
Winkler,leaf,H_infraguttatus,0,0,0,0,1,0,0,0,0,0,2,0,0,5,0,0,2
Winkler,leaf,H_infraguttatus,0,0,0,0,0,0,0,1,0,0,1,0,3,0,0,0,0
Winkler,leaf,H_infraguttatus,0,8,0,0,0,0,0,0,0,0,4,0,0,0,0,0,0
Winkler,leaf,H_infraguttatus,0,0,1,1,0,1,0,0,0,0,6,0,0,11,4,0,0
Winkler,leaf,H_infraguttatus,0,0,0,0,0,0,0,1,0,0,6,0,0,2,0,0,0
Winkler,leaf,H_infraguttatus,0,0,0,1,0,4,0,2,0,1,12,1,0,0,1,0,0
Winkler,leaf,H_infraguttatus,0,0,0,0,0,0,0,0,0,0,10,0,0,0,0,0,0
Winkler,leaf,H_infraguttatus,0,0,1,0,0,0,0,0,0,0,0,0,0,4,0,0,2
Winkler,leaf,H_infraguttatus,0,0,1,0,1,2,0,0,0,0,1,0,0,9,2,0,2
Winkler,leaf,H_infraguttatus,0,0,0,0,0,0,0,0,0,1,2,0,0,4,2,0,1
Winkler,leaf,H_infraguttatus,0,0,0,0,0,1,0,0,0,0,0,8,0,5,1,0,1
Winkler,leaf,H_infraguttatus,0,0,0,0,0,2,0,0,0,3,11,1,0,3,0,0,0
Winkler,leaf,H_infraguttatus,0,1,0,0,0,1,0,0,0,0,3,0,0,15,1,0,17
No,frog,c_colon,0,0,0,1,0,0,0,0,0,0,0,0,0,0,0,0,0
No,frog,c_colon,0,0,0,0,0,0,1,0,0,0,9,0,0,0,0,0,0
No,frog,c_colon,0,0,0,4,0,0,0,0,0,0,5,0,0,2,0,0,0
No,frog,c_colon,0,0,0,2,0,1,1,0,0,0,5,0,0,6,0,0,0
No,frog,c_colon,0,0,0,0,0,0,0,0,0,0,3,0,0,14,0,1,0
No,frog,c_colon,0,2,0,0,0,1,0,0,0,0,7,0,0,10,1,1,0
No,frog,c_colon,0,0,0,0,0,3,0,0,1,0,6,1,0,13,0,1,0
No,frog,c_colon,0,0,0,2,0,0,1,0,0,0,15,0,0,2,1,5,0
No,frog,c_colon,0,0,0,0,0,0,0,0,0,1,2,3,0,30,0,2,0
No,frog,c_colon,0,0,0,1,0,1,0,0,0,0,11,0,0,26,0,0,0
No,frog,ceiba,0,0,0,5,0,0,0,0,0,0,2,0,0,0,0,0,0
No,frog,ceiba,0,0,0,0,0,0,0,0,0,2,1,0,0,0,4,0,7
No,frog,ceiba,0,0,0,0,4,0,0,0,0,2,0,0,0,0,0,0,10
No,frog,ceiba,0,0,0,0,0,0,0,0,0,0,10,0,0,10,2,0,10
No,frog,ceiba,0,0,0,0,0,0,0,0,0,0,2,0,0,20,4,5,10
No,frog,ceiba,0,0,0,0,0,0,0,0,0,0,10,0,0,10,12,2,10
No,frog,ceiba,0,0,21,0,0,0,0,0,0,0,1,0,0,20,1,0,4
No,frog,ceiba,0,0,0,0,0,0,0,0,0,0,10,0,0,10,1,6,20
No,frog,ceiba,0,0,0,0,0,0,0,0,0,0,0,0,0,0,2,0,50
No,frog,ceiba,0,0,0,0,0,0,0,0,0,1,10,0,0,30,0,6,10
No,frog,la_mana,0,0,0,0,0,0,0,0,0,0,2,0,0,2,0,0,4
No,frog,la_mana,0,0,0,0,0,0,0,0,0,0,4,1,0,10,0,0,0
No,frog,la_mana,0,0,0,0,0,0,0,0,0,0,0,0,0,8,8,0,0
No,frog,la_mana,0,0,0,0,0,4,0,0,0,0,7,0,0,6,0,0,0
No,frog,la_mana,0,0,0,0,0,0,0,0,0,0,0,0,0,10,1,0,10
No,frog,la_mana,0,0,0,0,0,0,0,0,0,0,1,0,0,0,0,0,22
No,frog,la_mana,0,0,0,0,0,0,0,0,0,1,21,0,0,0,1,0,0
No,frog,la_mana,0,0,0,0,2,0,0,0,0,0,0,0,0,20,4,0,2
No,frog,la_mana,0,0,0,0,0,2,0,0,0,1,0,0,0,20,4,0,6
No,frog,la_mana,0,0,0,0,0,0,0,0,0,3,10,0,0,10,1,0,10
No,frog,la_mana,0,0,0,0,0,0,0,0,0,0,0,0,0,20,14,0,0
No,frog,la_mana,0,0,0,0,0,1,0,0,0,0,10,0,0,20,4,0,0
No,frog,la_mana,0,0,0,0,0,0,0,0,0,0,6,1,0,20,8,1,0
No,frog,la_mana,0,0,0,0,0,0,0,0,0,12,0,2,0,10,6,0,10
No,frog,la_mana,0,0,0,0,0,1,0,0,0,0,13,0,0,30,2,0,0
No,frog,la_mana,0,0,0,0,2,2,0,0,0,4,20,0,0,20,4,0,0
No,frog,la_mana,0,0,0,0,0,0,0,0,0,0,4,0,0,20,10,0,20
No,frog,p_quito,0,0,0,0,0,0,0,0,0,0,10,0,0,0,1,0,0
No,frog,p_quito,0,0,0,0,0,0,0,0,0,0,0,0,0,0,1,0,10
No,frog,p_quito,0,0,0,0,0,0,0,0,0,0,5,0,0,5,2,0,0
No,frog,p_quito,0,0,0,0,1,0,0,0,0,0,0,0,0,4,1,0,6
No,frog,p_quito,0,0,0,0,0,0,1,0,0,0,4,0,0,4,3,0,6
No,frog,p_quito,0,0,0,0,2,0,0,0,0,0,0,0,0,10,0,1,10
No,frog,p_quito,0,0,0,0,0,0,0,0,0,0,20,0,0,5,0,0,0
No,frog,p_quito,0,0,0,0,0,0,0,0,0,0,0,0,0,10,2,3,10
No,frog,p_quito,0,0,0,0,2,0,0,0,0,0,0,0,0,10,0,0,15
No,frog,p_quito,0,1,0,0,3,0,0,0,0,1,0,0,0,10,2,0,10
No,frog,p_quito,0,0,0,0,2,0,0,0,0,1,10,0,0,10,1,1,10
No,frog,s_domingo,0,0,0,0,0,0,0,1,0,0,0,0,0,0,0,0,0
No,frog,s_domingo,0,0,0,0,0,0,0,0,0,0,10,0,0,3,0,0,0
No,frog,s_domingo,0,0,0,0,0,0,0,0,0,0,0,0,0,9,0,0,4
No,frog,s_domingo,0,0,0,0,0,0,0,0,0,0,4,0,0,10,2,0,0
No,frog,s_domingo,0,0,0,0,0,0,0,0,0,0,7,0,0,10,2,0,0
No,frog,s_domingo,1,0,0,0,0,0,0,0,0,0,10,0,0,10,0,0,0
No,frog,s_domingo,0,0,0,0,0,0,0,0,0,1,20,0,0,5,2,0,5
No,frog,s_domingo,0,0,0,0,2,0,0,0,0,0,10,0,0,22,2,0,0
No,frog,s_domingo,0,0,0,0,0,0,0,0,0,1,20,2,0,20,0,0,0
No,frog,s_domingo,0,0,0,1,0,0,0,0,0,1,20,0,0,21,1,0,0
No,frog,H_infraguttatus,0,0,0,0,0,0,0,0,0,0,18,0,0,3,0,0,0
No,frog,H_infraguttatus,0,0,0,0,0,0,0,0,0,0,4,0,0,0,0,0,0
No,frog,H_infraguttatus,0,0,0,0,0,0,0,0,0,0,3,0,0,0,0,0,0
No,frog,H_infraguttatus,0,0,0,0,0,0,0,0,0,0,0,0,0,0,0,0,1
No,frog,H_infraguttatus,0,0,0,0,0,0,0,0,0,0,1,0,0,0,0,0,0
No,frog,H_infraguttatus,0,0,0,0,0,0,0,0,0,0,6,0,0,0,0,0,0
No,frog,H_infraguttatus,0,0,0,0,0,0,0,0,0,0,2,0,0,0,0,0,0
No,frog,H_infraguttatus,0,0,0,0,2,0,0,0,0,0,0,0,1,1,0,0,0